transaction_id,account_id,date,type,amount,status,merchant
TX00001,AC0159,2024-09-18,deposit,13945.64,completed,
TX00002,AC0168,2024-10-27,payment,7853.32,completed,Chicken Republic
TX00003,AC0123,2024-05-05,payment,21930.55,completed,Netflix
TX00004,AC0029,2024-12-07,transfer,30653.61,completed,
TX00005,AC0006,2024-09-11,payment,35424.24,completed,DSTV
TX00006,AC0133,2024-07-09,deposit,41143.09,completed,
TX00007,AC0061,2024-06-20,payment,43685.66,completed,Amazon
TX00008,AC0296,2024-09-11,transfer,13221.19,completed,
TX00009,AC0291,2024-07-07,deposit,2866.41,completed,
TX00010,AC0294,2024-04-26,payment,5234.96,completed,Filmhouse
TX00011,AC0217,2024-01-24,deposit,801082.31,completed,
TX00012,AC0092,2024-10-10,deposit,46019.3,completed,
TX00013,AC0164,2024-02-09,transfer,12488.33,completed,
TX00014,AC0027,2024-04-24,withdrawal,25151.84,completed,
TX00015,AC0036,2024-05-24,deposit,47708.56,completed,
TX00016,AC0005,2024-04-12,transfer,27699.26,completed,
TX00017,AC0319,2024-08-25,transfer,15265.07,completed,
TX00018,AC0101,2024-05-05,transfer,24718.7,completed,
TX00019,AC0206,2024-06-26,payment,487025.28,failed,Chicken Republic
TX00020,AC0337,2024-06-06,payment,172.96,completed,Netflix
TX00021,AC0252,2024-03-13,payment,11984.56,completed,Filmhouse
TX00022,AC0267,2024-12-24,transfer,46071.59,completed,
TX00023,AC0298,2024-09-15,transfer,37420.18,completed,
TX00024,AC0304,2024-02-01,payment,19778.13,failed,Amazon
TX00025,AC0162,2024-12-24,payment,13123.45,completed,Filmhouse
TX00026,AC0039,2024-03-10,transfer,13670.6,completed,
TX00027,AC0231,2024-06-09,withdrawal,5372.32,completed,
TX00028,AC0107,2024-06-06,transfer,17978.54,completed,
TX00029,AC0081,2024-12-26,deposit,6083.69,completed,
TX00030,AC0168,2024-02-16,withdrawal,41812.65,completed,
TX00031,AC0026,2024-05-13,payment,19872.6,completed,Uber
TX00032,AC0285,2024-05-07,payment,42744.61,completed,Netflix
TX00033,AC0063,2024-02-01,deposit,39711.11,completed,
TX00034,AC0191,2024-10-25,payment,41201.3,completed,Konga
TX00035,AC0034,2024-11-26,transfer,3841.86,completed,
TX00036,AC0170,2024-01-22,deposit,4689.73,completed,
TX00037,AC0222,2024-09-11,deposit,46214.17,completed,
TX00038,AC0182,2024-04-05,payment,21390.53,completed,MTN Airtime
TX00039,AC0315,2024-11-11,transfer,7516.71,failed,
TX00040,AC0282,2024-02-01,payment,24994.69,completed,Netflix
TX00041,AC0330,2024-05-07,transfer,21019.82,completed,
TX00042,AC0184,2024-10-05,deposit,49471.24,completed,
TX00043,AC0165,2024-05-18,deposit,28325.99,completed,
TX00044,AC0016,2024-01-30,payment,29896.11,completed,Bolt
TX00045,AC0120,2024-02-21,deposit,29241.05,completed,
TX00046,AC0029,2024-10-21,payment,13399.7,completed,Amazon
TX00047,AC0089,2024-05-01,transfer,49577.94,completed,
TX00048,AC0184,2024-01-15,withdrawal,36931.44,failed,
TX00049,AC0289,2024-09-09,transfer,28223.96,completed,
TX00050,AC0047,2024-04-29,deposit,24572.78,completed,
TX00051,AC0001,2024-11-10,withdrawal,26369.78,completed,
TX00052,AC0091,2024-01-31,payment,17103.88,completed,Jumia
TX00053,AC0057,2024-07-05,payment,45869.48,completed,Netflix
TX00054,AC0301,2024-06-21,transfer,33140.76,completed,
TX00055,AC0224,2024-11-28,transfer,48795.45,completed,
TX00056,AC0315,2024-04-24,transfer,48440.27,completed,
TX00057,AC0151,2024-03-31,withdrawal,18981.37,completed,
TX00058,AC0201,2024-01-17,payment,47440.04,failed,Uber
TX00059,AC0314,2024-11-23,withdrawal,40459.47,completed,
TX00060,AC0170,2024-05-01,withdrawal,24859.63,completed,
TX00061,AC0046,2024-08-16,transfer,8477.58,completed,
TX00062,AC0035,2024-05-11,payment,12552.09,completed,Netflix
TX00063,AC0215,2024-07-30,payment,21967.19,completed,Bolt
TX00064,AC0246,2024-11-29,transfer,18829.84,failed,
TX00065,AC0018,2024-01-11,payment,3778.1,completed,DSTV
TX00066,AC0088,2024-03-23,transfer,3802.6,completed,
TX00067,AC0048,2024-10-31,payment,44916.4,completed,Konga
TX00068,AC0335,2024-11-06,deposit,21623.03,completed,
TX00069,AC0106,2024-07-28,transfer,5152.76,completed,
TX00070,AC0136,2024-06-01,deposit,36525.7,completed,
TX00071,AC0282,2024-03-19,payment,19705.82,completed,Jumia
TX00072,AC0275,2024-04-12,transfer,261339.85,failed,
TX00073,AC0150,2024-08-30,payment,8624.53,completed,Netflix
TX00074,AC0339,2024-02-16,transfer,23600.13,completed,
TX00075,AC0196,2024-04-05,deposit,18613.92,completed,
TX00076,AC0135,2024-05-17,deposit,22043.05,completed,
TX00077,AC0342,2024-02-13,withdrawal,37636.53,completed,
TX00078,AC0302,2024-10-10,transfer,20757.93,completed,
TX00079,AC0215,2024-12-17,payment,40938.42,completed,Bolt
TX00080,AC0041,2024-12-31,withdrawal,23865.49,completed,
TX00081,AC0293,2024-03-16,payment,45032.71,failed,Netflix
TX00082,AC0109,2024-03-05,deposit,49219.96,completed,
TX00083,AC0223,2024-11-17,payment,49415.17,completed,Uber
TX00084,AC0035,2024-07-17,withdrawal,45549.14,completed,
TX00085,AC0142,2024-08-22,deposit,16373.73,completed,
TX00086,AC0268,2024-02-27,payment,31190.59,completed,Amazon
TX00087,AC0052,2024-10-15,payment,29437.91,completed,Netflix
TX00088,AC0211,2024-07-15,transfer,44018.78,completed,
TX00089,AC0089,2024-07-25,deposit,23705.03,completed,
TX00090,AC0206,2024-07-21,payment,34072.56,completed,DSTV
TX00091,AC0138,2024-01-11,payment,23813.39,completed,DSTV
TX00092,AC0051,2024-03-09,transfer,42158.04,completed,
TX00093,AC0165,2024-08-01,transfer,22211.22,completed,
TX00094,AC0109,2024-09-05,withdrawal,9477.99,completed,
TX00095,AC0264,2024-02-03,deposit,41068.77,completed,
TX00096,AC0269,2024-01-15,transfer,20228.92,failed,
TX00097,AC0030,2024-01-17,payment,41663.2,completed,Bolt
TX00098,AC0141,2024-08-25,payment,35261.23,completed,Spotify
TX00099,AC0016,2024-07-09,transfer,6281.26,completed,
TX00100,AC0243,2024-10-09,deposit,8961.43,failed,
TX00101,AC0133,2024-05-25,transfer,41898.92,completed,
TX00102,AC0293,2024-04-23,payment,8229.08,completed,Chicken Republic
TX00103,AC0210,2024-01-11,payment,13527.27,completed,Chicken Republic
TX00104,AC0089,2024-01-05,payment,6702.47,failed,Shoprite
TX00105,AC0330,2024-08-04,transfer,47155.95,completed,
TX00106,AC0112,2024-06-03,transfer,23004.0,completed,
TX00107,AC0053,2024-09-18,deposit,19917.91,completed,
TX00108,AC0145,2024-12-16,transfer,29729.25,completed,
TX00109,AC0142,2024-05-21,payment,16880.55,completed,MTN Airtime
TX00110,AC0124,2024-11-03,transfer,25912.95,completed,
TX00111,AC0014,2024-05-31,transfer,34069.71,completed,
TX00112,AC0019,2024-12-28,transfer,20289.48,failed,
TX00113,AC0114,2024-11-22,withdrawal,17224.04,completed,
TX00114,AC0260,2024-03-28,deposit,33626.24,completed,
TX00115,AC0066,2024-10-13,deposit,4970.39,completed,
TX00116,AC0336,2024-04-23,payment,44989.6,completed,DSTV
TX00117,AC0170,2024-05-13,payment,15423.56,completed,Konga
TX00118,AC0028,2024-10-24,transfer,5977.3,failed,
TX00119,AC0257,2024-12-14,withdrawal,44482.36,completed,
TX00120,AC0078,2024-04-12,transfer,20714.05,completed,
TX00121,AC0235,2024-06-10,transfer,28513.24,completed,
TX00122,AC0324,2024-06-09,payment,24430.28,completed,Chicken Republic
TX00123,AC0206,2024-03-22,payment,391469.5,failed,Bolt
TX00124,AC0220,2024-08-07,payment,21742.2,completed,Bolt
TX00125,AC0043,2024-06-13,transfer,573647.82,completed,
TX00126,AC0321,2024-04-25,deposit,33869.73,completed,
TX00127,AC0258,2024-06-05,transfer,5225.14,failed,
TX00128,AC0149,2024-09-23,payment,2381.35,completed,Konga
TX00129,AC0069,2024-09-07,deposit,44409.9,completed,
TX00130,AC0207,2024-04-26,transfer,8327.69,completed,
TX00131,AC0012,2024-09-15,payment,6647.17,failed,Uber
TX00132,AC0020,2024-11-23,payment,32561.96,completed,MTN Airtime
TX00133,AC0025,2024-11-30,deposit,29736.81,completed,
TX00134,AC0228,2024-03-04,payment,5877.91,completed,Spotify
TX00135,AC0323,2024-06-03,transfer,7741.04,completed,
TX00136,AC0139,2024-11-06,transfer,33157.9,failed,
TX00137,AC0262,2024-03-01,payment,44941.23,failed,MTN Airtime
TX00138,AC0312,2024-05-14,payment,24937.18,completed,Spotify
TX00139,AC0083,2024-10-07,payment,20546.84,completed,Bolt
TX00140,AC0121,2024-01-07,payment,24085.13,completed,Chicken Republic
TX00141,AC0343,2024-03-17,payment,41778.09,completed,Netflix
TX00142,AC0132,2024-08-21,deposit,36206.45,completed,
TX00143,AC0090,2024-05-28,transfer,2599.0,completed,
TX00144,AC0060,2024-01-24,transfer,15704.08,completed,
TX00145,AC0088,2024-07-02,payment,33201.42,completed,Bolt
TX00146,AC0191,2024-04-03,withdrawal,36680.09,completed,
TX00147,AC0140,2024-12-19,payment,48119.27,completed,Bolt
TX00148,AC0058,2024-12-22,transfer,39865.79,completed,
TX00149,AC0054,2024-10-29,payment,42233.06,completed,Bolt
TX00150,AC0195,2024-11-09,withdrawal,9144.9,completed,
TX00151,AC0067,2024-09-06,payment,44009.52,completed,Netflix
TX00152,AC0336,2024-01-07,transfer,3260.47,completed,
TX00153,AC0290,2024-12-08,deposit,28874.79,completed,
TX00154,AC0317,2024-08-09,transfer,34443.26,completed,
TX00155,AC0329,2024-03-17,payment,33219.16,completed,Spotify
TX00156,AC0081,2024-08-28,withdrawal,32205.6,completed,
TX00157,AC0252,2024-05-03,deposit,3835.78,completed,
TX00158,AC0115,2024-11-25,transfer,2612.5,completed,
TX00159,AC0236,2024-10-20,transfer,11826.5,completed,
TX00160,AC0162,2024-09-11,deposit,24972.96,completed,
TX00161,AC0286,2024-01-01,payment,20675.69,completed,Netflix
TX00162,AC0261,2024-04-15,withdrawal,31913.15,completed,
TX00163,AC0028,2024-08-20,deposit,18230.79,completed,
TX00164,AC0243,2024-08-19,transfer,31025.92,completed,
TX00165,AC0002,2024-06-30,payment,32979.62,completed,Chicken Republic
TX00166,AC0055,2024-03-25,transfer,18757.13,completed,
TX00167,AC0210,2024-05-10,deposit,35871.12,completed,
TX00168,AC0202,2024-08-22,withdrawal,6125.22,completed,
TX00169,AC0213,2024-11-20,payment,5477.51,completed,Chicken Republic
TX00170,AC0235,2024-09-15,withdrawal,44598.54,failed,
TX00171,AC0025,2024-08-09,payment,316.45,completed,Konga
TX00172,AC0091,2024-03-29,deposit,39075.97,failed,
TX00173,AC0311,2024-09-15,payment,32910.34,completed,Amazon
TX00174,AC0128,2024-07-22,transfer,45803.92,completed,
TX00175,AC0069,2024-07-30,transfer,22697.0,completed,
TX00176,AC0154,2024-06-09,withdrawal,37446.5,completed,
TX00177,AC0320,2024-12-17,deposit,10124.37,completed,
TX00178,AC0333,2024-09-14,transfer,6720.32,completed,
TX00179,AC0060,2024-10-14,deposit,16186.83,completed,
TX00180,AC0214,2024-05-26,deposit,47139.42,completed,
TX00181,AC0013,2024-03-15,transfer,26184.23,completed,
TX00182,AC0083,2024-12-15,payment,10075.13,completed,MTN Airtime
TX00183,AC0152,2024-10-04,payment,34560.68,completed,Jumia
TX00184,AC0346,2024-04-24,transfer,5213.75,completed,
TX00185,AC0148,2024-07-14,deposit,25595.02,completed,
TX00186,AC0161,2024-01-28,transfer,39426.77,completed,
TX00187,AC0227,2024-11-20,payment,10234.05,completed,Filmhouse
TX00188,AC0309,2024-04-09,transfer,27376.1,completed,
TX00189,AC0039,2024-03-29,transfer,49174.32,completed,
TX00190,AC0143,2024-05-15,deposit,2127.65,completed,
TX00191,AC0003,2024-08-26,payment,42316.11,completed,Filmhouse
TX00192,AC0306,2024-11-16,payment,46438.55,completed,Konga
TX00193,AC0184,2024-12-28,transfer,28676.58,completed,
TX00194,AC0267,2024-09-15,transfer,47853.69,completed,
TX00195,AC0048,2024-04-23,payment,26898.09,completed,Shoprite
TX00196,AC0317,2024-08-31,transfer,14749.36,completed,
TX00197,AC0005,2024-12-08,deposit,49058.55,completed,
TX00198,AC0315,2024-05-04,transfer,45234.37,failed,
TX00199,AC0059,2024-05-11,payment,16114.76,completed,Spotify
TX00200,AC0192,2024-09-17,transfer,25891.7,completed,
TX00201,AC0334,2024-06-13,deposit,14892.06,completed,
TX00202,AC0276,2024-01-04,deposit,4888.23,completed,
TX00203,AC0110,2024-02-23,payment,31512.77,completed,Shoprite
TX00204,AC0223,2024-12-17,deposit,43944.0,completed,
TX00205,AC0020,2024-02-07,payment,35871.73,completed,Jumia
TX00206,AC0295,2024-05-12,payment,27948.4,completed,Amazon
TX00207,AC0162,2024-07-18,transfer,20281.96,completed,
TX00208,AC0317,2024-10-26,payment,32107.0,completed,Jumia
TX00209,AC0149,2024-11-06,payment,25191.56,completed,Netflix
TX00210,AC0203,2024-08-30,transfer,21940.04,completed,
TX00211,AC0201,2024-05-31,payment,6905.43,completed,Chicken Republic
TX00212,AC0332,2024-01-06,payment,44360.21,completed,Spotify
TX00213,AC0294,2024-07-20,deposit,2184.48,failed,
TX00214,AC0108,2024-04-18,deposit,4347.83,completed,
TX00215,AC0073,2024-04-04,transfer,42587.8,completed,
TX00216,AC0059,2024-12-09,payment,12711.81,completed,Konga
TX00217,AC0282,2024-11-26,payment,46625.26,completed,Spotify
TX00218,AC0051,2024-10-24,payment,3461.4,completed,Bolt
TX00219,AC0121,2024-05-25,transfer,33597.65,completed,
TX00220,AC0249,2024-06-17,withdrawal,9755.58,completed,
TX00221,AC0079,2024-10-17,withdrawal,34703.56,failed,
TX00222,AC0087,2024-06-09,transfer,47937.08,completed,
TX00223,AC0329,2024-05-21,payment,35638.74,completed,DSTV
TX00224,AC0246,2024-08-16,payment,16644.99,completed,DSTV
TX00225,AC0331,2024-02-11,transfer,5530.75,failed,
TX00226,AC0276,2024-05-14,transfer,7086.08,completed,
TX00227,AC0260,2024-10-24,payment,44616.05,completed,Konga
TX00228,AC0019,2024-05-13,transfer,10716.76,completed,
TX00229,AC0335,2024-07-06,deposit,27029.89,completed,
TX00230,AC0149,2024-08-25,transfer,38630.03,completed,
TX00231,AC0258,2024-12-05,deposit,19899.58,completed,
TX00232,AC0315,2024-09-20,payment,40346.35,completed,Uber
TX00233,AC0290,2024-09-04,deposit,28361.23,completed,
TX00234,AC0119,2024-05-15,transfer,38097.47,completed,
TX00235,AC0266,2024-07-17,transfer,33462.42,completed,
TX00236,AC0021,2024-02-22,deposit,44089.44,completed,
TX00237,AC0135,2024-10-05,deposit,13747.42,failed,
TX00238,AC0188,2024-11-30,withdrawal,32718.4,failed,
TX00239,AC0115,2024-07-26,payment,18878.81,completed,DSTV
TX00240,AC0310,2024-09-13,transfer,24157.29,completed,
TX00241,AC0264,2024-04-18,payment,11576.54,completed,Uber
TX00242,AC0061,2024-07-31,payment,30140.81,completed,DSTV
TX00243,AC0108,2024-03-23,payment,23992.85,failed,Chicken Republic
TX00244,AC0294,2024-03-23,transfer,2252.9,failed,
TX00245,AC0294,2024-01-29,payment,2055.62,completed,Uber
TX00246,AC0208,2024-10-15,transfer,25880.37,failed,
TX00247,AC0146,2024-04-20,payment,36425.92,completed,Bolt
TX00248,AC0088,2024-07-29,withdrawal,43378.39,completed,
TX00249,AC0094,2024-12-03,withdrawal,29174.04,failed,
TX00250,AC0176,2024-11-01,deposit,36236.92,completed,
TX00251,AC0068,2024-01-09,withdrawal,18972.75,completed,
TX00252,AC0215,2024-11-06,payment,45476.03,completed,Netflix
TX00253,AC0020,2024-09-14,payment,30775.93,completed,Netflix
TX00254,AC0309,2024-01-01,payment,6603.41,completed,Chicken Republic
TX00255,AC0023,2024-08-07,transfer,18581.83,completed,
TX00256,AC0196,2024-10-28,payment,24157.96,completed,Filmhouse
TX00257,AC0245,2024-02-12,withdrawal,6780.77,completed,
TX00258,AC0132,2024-01-03,transfer,27232.18,completed,
TX00259,AC0004,2024-12-01,payment,5979.65,completed,Shoprite
TX00260,AC0219,2024-05-09,transfer,5418.5,failed,
TX00261,AC0188,2024-05-21,transfer,21235.72,failed,
TX00262,AC0286,2024-04-01,transfer,20720.09,completed,
TX00263,AC0158,2024-06-25,transfer,24239.63,failed,
TX00264,AC0338,2024-04-27,transfer,42764.45,completed,
TX00265,AC0052,2024-09-17,deposit,47467.33,completed,
TX00266,AC0315,2024-03-23,transfer,40062.6,completed,
TX00267,AC0047,2024-08-29,transfer,364.0,completed,
TX00268,AC0114,2024-02-10,withdrawal,3297.61,completed,
TX00269,AC0206,2024-12-01,withdrawal,19277.87,failed,
TX00270,AC0030,2024-11-23,deposit,48180.14,completed,
TX00271,AC0337,2024-05-26,deposit,10165.19,completed,
TX00272,AC0265,2024-11-10,payment,30015.79,completed,Uber
TX00273,AC0081,2024-05-21,payment,32785.45,completed,Amazon
TX00274,AC0103,2024-01-08,transfer,20332.0,completed,
TX00275,AC0287,2024-06-27,payment,27524.67,failed,DSTV
TX00276,AC0233,2024-10-21,transfer,48156.55,completed,
TX00277,AC0055,2024-02-07,payment,20416.02,completed,Spotify
TX00278,AC0263,2024-10-02,transfer,5938.75,completed,
TX00279,AC0194,2024-09-04,withdrawal,22194.16,failed,
TX00280,AC0235,2024-10-27,payment,48065.81,completed,Jumia
TX00281,AC0325,2024-12-12,deposit,3470.96,completed,
TX00282,AC0181,2024-10-01,payment,20680.06,completed,Jumia
TX00283,AC0345,2024-02-08,transfer,4741.17,completed,
TX00284,AC0182,2024-10-20,deposit,23880.12,completed,
TX00285,AC0098,2024-04-12,transfer,37333.2,completed,
TX00286,AC0106,2024-04-13,payment,43649.85,completed,Shoprite
TX00287,AC0062,2024-12-12,withdrawal,38969.03,completed,
TX00288,AC0278,2024-09-03,deposit,38235.79,completed,
TX00289,AC0295,2024-09-08,transfer,24667.78,completed,
TX00290,AC0144,2024-04-23,payment,45808.74,completed,Konga
TX00291,AC0245,2024-01-17,payment,39983.57,completed,Spotify
TX00292,AC0090,2024-03-02,transfer,34348.3,completed,
TX00293,AC0007,2024-07-13,deposit,34491.61,completed,
TX00294,AC0133,2024-10-07,withdrawal,18143.96,completed,
TX00295,AC0314,2024-07-06,transfer,23620.13,completed,
TX00296,AC0191,2024-07-24,payment,10605.57,completed,MTN Airtime
TX00297,AC0295,2024-02-21,deposit,6643.84,completed,
TX00298,AC0196,2024-03-15,transfer,27811.47,completed,
TX00299,AC0216,2024-03-09,payment,586.14,completed,Chicken Republic
TX00300,AC0250,2024-05-08,deposit,15854.79,completed,
TX00301,AC0051,2024-01-31,deposit,2480.69,completed,
TX00302,AC0323,2024-08-18,payment,23879.32,completed,Filmhouse
TX00303,AC0286,2024-06-25,transfer,18079.3,completed,
TX00304,AC0348,2024-04-11,payment,17619.42,failed,Konga
TX00305,AC0146,2024-06-15,withdrawal,26968.07,completed,
TX00306,AC0041,2024-11-10,deposit,36852.66,completed,
TX00307,AC0086,2024-08-03,transfer,47834.06,completed,
TX00308,AC0037,2024-03-23,withdrawal,42460.15,completed,
TX00309,AC0150,2024-11-05,transfer,15912.22,completed,
TX00310,AC0186,2024-09-23,transfer,22300.43,failed,
TX00311,AC0012,2024-04-30,deposit,9275.92,completed,
TX00312,AC0041,2024-03-26,transfer,35064.78,completed,
TX00313,AC0243,2024-01-28,transfer,3283.24,completed,
TX00314,AC0043,2024-05-14,payment,26246.74,completed,Konga
TX00315,AC0200,2024-04-27,payment,46586.32,completed,Shoprite
TX00316,AC0270,2024-01-15,transfer,6407.94,completed,
TX00317,AC0167,2024-08-27,payment,43032.4,completed,Spotify
TX00318,AC0277,2024-10-29,transfer,6842.23,completed,
TX00319,AC0289,2024-09-25,withdrawal,37470.69,completed,
TX00320,AC0277,2024-02-15,deposit,17423.7,completed,
TX00321,AC0080,2024-01-06,deposit,20668.97,completed,
TX00322,AC0070,2024-05-26,payment,37938.84,completed,Bolt
TX00323,AC0328,2024-01-05,deposit,845461.88,completed,
TX00324,AC0004,2024-07-10,transfer,29890.49,completed,
TX00325,AC0203,2024-03-24,payment,28071.66,completed,Filmhouse
TX00326,AC0041,2024-11-16,transfer,11107.56,completed,
TX00327,AC0314,2024-05-25,payment,40017.96,completed,Chicken Republic
TX00328,AC0036,2024-03-10,deposit,20703.9,completed,
TX00329,AC0232,2024-12-24,transfer,22821.62,completed,
TX00330,AC0078,2024-09-30,withdrawal,16100.12,completed,
TX00331,AC0138,2024-08-12,payment,5203.45,completed,Filmhouse
TX00332,AC0253,2024-06-24,payment,7619.12,completed,Amazon
TX00333,AC0191,2024-12-22,transfer,24969.95,completed,
TX00334,AC0075,2024-05-16,payment,42192.96,completed,Amazon
TX00335,AC0129,2024-01-07,payment,9162.03,completed,Netflix
TX00336,AC0127,2024-04-11,payment,48751.11,completed,Bolt
TX00337,AC0243,2024-12-14,payment,49107.58,completed,MTN Airtime
TX00338,AC0282,2024-03-03,transfer,36439.03,completed,
TX00339,AC0185,2024-12-07,transfer,15010.77,completed,
TX00340,AC0223,2024-01-08,payment,11874.7,completed,Uber
TX00341,AC0125,2024-01-22,transfer,19850.83,completed,
TX00342,AC0306,2024-07-09,withdrawal,23816.01,completed,
TX00343,AC0317,2024-11-16,payment,25045.97,completed,Jumia
TX00344,AC0275,2024-03-05,payment,7780.53,completed,Bolt
TX00345,AC0331,2024-08-12,payment,27961.69,completed,Filmhouse
TX00346,AC0069,2024-01-21,payment,18950.67,completed,Bolt
TX00347,AC0251,2024-10-17,deposit,27182.43,completed,
TX00348,AC0240,2024-11-02,payment,16251.68,completed,Spotify
TX00349,AC0152,2024-10-04,payment,7835.77,completed,DSTV
TX00350,AC0328,2024-01-10,deposit,646618.24,completed,
TX00351,AC0123,2024-02-02,withdrawal,38823.23,completed,
TX00352,AC0350,2024-10-09,deposit,9574.49,completed,
TX00353,AC0329,2024-02-26,payment,16197.74,completed,Netflix
TX00354,AC0067,2024-01-17,deposit,2284.49,completed,
TX00355,AC0017,2024-11-24,payment,9661.67,failed,Amazon
TX00356,AC0132,2024-07-06,deposit,35095.57,completed,
TX00357,AC0107,2024-02-10,payment,3636.61,completed,Bolt
TX00358,AC0213,2024-12-28,payment,37199.52,completed,Jumia
TX00359,AC0037,2024-02-09,withdrawal,2128.59,completed,
TX00360,AC0119,2024-07-16,payment,4946.25,completed,Shoprite
TX00361,AC0321,2024-10-12,payment,12513.28,completed,Filmhouse
TX00362,AC0327,2024-07-02,deposit,5365.16,failed,
TX00363,AC0054,2024-04-02,deposit,21411.04,completed,
TX00364,AC0081,2024-11-03,deposit,16941.89,completed,
TX00365,AC0282,2024-07-09,deposit,45134.0,completed,
TX00366,AC0166,2024-05-03,transfer,21586.34,failed,
TX00367,AC0282,2024-07-03,withdrawal,18815.65,completed,
TX00368,AC0018,2024-11-01,deposit,19914.82,completed,
TX00369,AC0155,2024-06-02,payment,49671.26,completed,Shoprite
TX00370,AC0142,2024-09-18,payment,1182.9,completed,Spotify
TX00371,AC0020,2024-07-01,withdrawal,7820.27,completed,
TX00372,AC0299,2024-04-29,payment,18417.44,completed,MTN Airtime
TX00373,AC0112,2024-06-15,transfer,20049.93,completed,
TX00374,AC0296,2024-10-31,deposit,41302.69,completed,
TX00375,AC0196,2024-01-29,transfer,40436.22,completed,
TX00376,AC0214,2024-04-26,transfer,40875.37,completed,
TX00377,AC0324,2024-01-28,withdrawal,31730.97,completed,
TX00378,AC0290,2024-06-16,transfer,16033.9,completed,
TX00379,AC0345,2024-08-16,deposit,7744.55,completed,
TX00380,AC0222,2024-07-20,withdrawal,4595.14,completed,
TX00381,AC0293,2024-10-07,payment,4219.0,completed,Amazon
TX00382,AC0067,2024-09-03,transfer,25140.97,completed,
TX00383,AC0293,2024-10-14,deposit,19826.41,completed,
TX00384,AC0125,2024-05-16,withdrawal,26259.96,completed,
TX00385,AC0046,2024-12-09,transfer,46214.49,completed,
TX00386,AC0165,2024-10-31,transfer,17480.56,completed,
TX00387,AC0180,2024-08-14,payment,8545.84,failed,Konga
TX00388,AC0120,2024-12-16,payment,46218.24,completed,DSTV
TX00389,AC0058,2024-05-04,payment,42652.93,completed,Konga
TX00390,AC0008,2024-12-21,payment,41024.68,completed,Netflix
TX00391,AC0108,2024-04-18,transfer,1235.13,completed,
TX00392,AC0281,2024-11-14,payment,37542.72,completed,Filmhouse
TX00393,AC0193,2024-12-05,payment,33446.2,failed,Spotify
TX00394,AC0103,2024-05-18,payment,3099.49,failed,Jumia
TX00395,AC0199,2024-12-05,deposit,515.88,completed,
TX00396,AC0333,2024-04-28,transfer,1052.01,completed,
TX00397,AC0162,2024-11-01,transfer,35513.47,completed,
TX00398,AC0235,2024-12-30,deposit,10023.87,completed,
TX00399,AC0157,2024-09-07,payment,46121.28,completed,Amazon
TX00400,AC0043,2024-04-30,payment,679017.95,completed,Spotify
TX00401,AC0199,2024-10-11,transfer,31327.04,completed,
TX00402,AC0202,2024-02-14,transfer,17155.13,completed,
TX00403,AC0321,2024-08-01,transfer,33931.95,completed,
TX00404,AC0160,2024-06-17,payment,21380.6,failed,Bolt
TX00405,AC0298,2024-12-16,deposit,32658.39,completed,
TX00406,AC0269,2024-08-08,payment,15519.02,completed,Uber
TX00407,AC0286,2024-03-01,withdrawal,15943.06,completed,
TX00408,AC0016,2024-07-30,payment,43993.94,completed,Amazon
TX00409,AC0327,2024-03-18,transfer,46695.05,completed,
TX00410,AC0314,2024-05-16,payment,9318.85,failed,Konga
TX00411,AC0119,2024-07-02,withdrawal,29858.4,completed,
TX00412,AC0258,2024-08-28,payment,23882.45,failed,Filmhouse
TX00413,AC0243,2024-03-24,transfer,19434.27,completed,
TX00414,AC0008,2024-07-30,payment,20488.6,completed,Shoprite
TX00415,AC0225,2024-09-07,payment,3400.2,failed,Filmhouse
TX00416,AC0219,2024-01-22,transfer,44390.59,completed,
TX00417,AC0161,2024-11-09,withdrawal,19080.67,completed,
TX00418,AC0020,2024-02-25,withdrawal,26309.0,completed,
TX00419,AC0126,2024-10-02,deposit,43900.57,completed,
TX00420,AC0199,2024-11-18,transfer,2058.66,completed,
TX00421,AC0156,2024-08-24,payment,22033.74,completed,Uber
TX00422,AC0265,2024-08-25,transfer,45959.74,completed,
TX00423,AC0093,2024-12-22,deposit,25082.82,failed,
TX00424,AC0231,2024-04-01,deposit,20736.61,completed,
TX00425,AC0104,2024-02-16,deposit,35660.46,completed,
TX00426,AC0084,2024-02-16,transfer,32463.96,completed,
TX00427,AC0044,2024-12-28,payment,31740.21,completed,Amazon
TX00428,AC0282,2024-01-23,deposit,8078.99,completed,
TX00429,AC0338,2024-03-24,payment,28318.03,completed,Uber
TX00430,AC0158,2024-08-16,payment,2660.39,completed,MTN Airtime
TX00431,AC0104,2024-11-14,payment,6665.39,completed,MTN Airtime
TX00432,AC0279,2024-11-07,payment,42785.01,completed,Bolt
TX00433,AC0233,2024-08-14,payment,33007.58,completed,Netflix
TX00434,AC0281,2024-11-13,withdrawal,12311.19,completed,
TX00435,AC0095,2024-01-29,deposit,10461.12,completed,
TX00436,AC0342,2024-11-04,transfer,42706.08,failed,
TX00437,AC0056,2024-04-01,transfer,4476.36,completed,
TX00438,AC0305,2024-10-14,payment,30593.38,failed,Uber
TX00439,AC0019,2024-06-02,deposit,18073.41,completed,
TX00440,AC0035,2024-10-08,transfer,19009.07,completed,
TX00441,AC0141,2024-09-26,payment,6813.83,completed,Amazon
TX00442,AC0030,2024-10-19,deposit,10531.64,completed,
TX00443,AC0310,2024-08-06,deposit,24234.78,completed,
TX00444,AC0295,2024-06-30,withdrawal,13057.04,failed,
TX00445,AC0324,2024-09-09,payment,24870.21,completed,Uber
TX00446,AC0100,2024-03-01,withdrawal,14595.35,completed,
TX00447,AC0107,2024-07-31,payment,39856.95,failed,Amazon
TX00448,AC0327,2024-01-06,payment,28064.73,completed,Chicken Republic
TX00449,AC0035,2024-06-02,payment,12795.43,completed,Spotify
TX00450,AC0171,2024-07-21,deposit,405.95,completed,
TX00451,AC0090,2024-06-18,withdrawal,1552.96,completed,
TX00452,AC0243,2024-11-26,transfer,24007.5,completed,
TX00453,AC0275,2024-08-24,payment,31397.3,completed,Amazon
TX00454,AC0348,2024-10-11,payment,15037.25,completed,Spotify
TX00455,AC0182,2024-03-17,payment,34306.12,completed,MTN Airtime
TX00456,AC0274,2024-10-19,payment,18824.51,completed,Konga
TX00457,AC0158,2024-12-29,transfer,5930.55,completed,
TX00458,AC0122,2024-08-19,payment,4431.21,completed,MTN Airtime
TX00459,AC0192,2024-04-13,payment,8833.14,completed,Netflix
TX00460,AC0257,2024-04-07,deposit,39971.36,completed,
TX00461,AC0269,2024-06-16,transfer,36648.81,completed,
TX00462,AC0265,2024-04-15,payment,5002.75,completed,Filmhouse
TX00463,AC0268,2024-01-03,payment,35712.5,completed,MTN Airtime
TX00464,AC0045,2024-08-27,payment,29754.95,completed,Jumia
TX00465,AC0160,2024-10-22,payment,32983.32,completed,MTN Airtime
TX00466,AC0142,2024-06-12,payment,9708.03,completed,Bolt
TX00467,AC0059,2024-11-14,payment,7959.05,completed,Spotify
TX00468,AC0282,2024-05-18,deposit,27172.18,completed,
TX00469,AC0294,2024-03-28,payment,40219.74,completed,Netflix
TX00470,AC0228,2024-03-07,transfer,17003.07,completed,
TX00471,AC0055,2024-01-28,payment,33807.25,completed,Netflix
TX00472,AC0304,2024-11-11,transfer,35263.41,completed,
TX00473,AC0344,2024-02-10,transfer,40890.35,completed,
TX00474,AC0240,2024-08-21,deposit,4736.52,completed,
TX00475,AC0239,2024-04-28,transfer,35539.77,completed,
TX00476,AC0133,2024-07-19,payment,44795.47,completed,Uber
TX00477,AC0233,2024-01-16,transfer,44131.95,completed,
TX00478,AC0237,2024-05-24,payment,17636.9,completed,DSTV
TX00479,AC0208,2024-06-15,withdrawal,25446.69,completed,
TX00480,AC0273,2024-07-24,deposit,39642.3,completed,
TX00481,AC0281,2024-09-03,withdrawal,31081.65,completed,
TX00482,AC0303,2024-08-10,transfer,10491.08,completed,
TX00483,AC0121,2024-12-05,withdrawal,27271.89,completed,
TX00484,AC0250,2024-10-30,payment,35624.25,completed,Konga
TX00485,AC0228,2024-06-06,deposit,4972.93,completed,
TX00486,AC0306,2024-06-16,transfer,5526.36,completed,
TX00487,AC0112,2024-10-24,deposit,3167.96,completed,
TX00488,AC0232,2024-05-29,payment,33077.98,completed,Amazon
TX00489,AC0349,2024-06-02,withdrawal,9863.76,completed,
TX00490,AC0223,2024-02-15,withdrawal,34009.99,completed,
TX00491,AC0328,2024-05-30,withdrawal,890495.15,completed,
TX00492,AC0028,2024-12-26,payment,27489.37,completed,Spotify
TX00493,AC0016,2024-08-09,transfer,14182.24,completed,
TX00494,AC0196,2024-07-14,withdrawal,15974.55,completed,
TX00495,AC0244,2024-04-06,transfer,33158.13,completed,
TX00496,AC0214,2024-05-27,deposit,46231.65,completed,
TX00497,AC0009,2024-09-06,payment,3680.13,completed,Chicken Republic
TX00498,AC0071,2024-08-21,transfer,6875.21,completed,
TX00499,AC0233,2024-08-05,withdrawal,31200.1,completed,
TX00500,AC0116,2024-08-05,deposit,19297.26,completed,
TX00501,AC0206,2024-05-17,withdrawal,548709.87,failed,
TX00502,AC0018,2024-10-17,transfer,28859.98,completed,
TX00503,AC0247,2024-03-13,deposit,5746.9,completed,
TX00504,AC0144,2024-09-21,deposit,49185.05,completed,
TX00505,AC0126,2024-11-18,payment,30542.52,completed,Filmhouse
TX00506,AC0297,2024-11-09,payment,27005.94,completed,Jumia
TX00507,AC0233,2024-08-28,transfer,638.09,completed,
TX00508,AC0151,2024-03-26,withdrawal,21108.7,completed,
TX00509,AC0156,2024-05-13,payment,29922.06,failed,Jumia
TX00510,AC0337,2024-11-15,deposit,28685.71,completed,
TX00511,AC0259,2024-05-22,payment,4217.26,completed,MTN Airtime
TX00512,AC0132,2024-02-27,payment,13833.33,completed,Konga
TX00513,AC0338,2024-07-08,payment,36974.46,completed,Uber
TX00514,AC0093,2024-01-17,transfer,11886.17,completed,
TX00515,AC0305,2024-09-10,transfer,48370.55,completed,
TX00516,AC0226,2024-04-17,transfer,11973.58,completed,
TX00517,AC0329,2024-02-29,withdrawal,17319.28,completed,
TX00518,AC0155,2024-09-29,payment,19997.37,completed,Shoprite
TX00519,AC0135,2024-09-28,transfer,19564.52,completed,
TX00520,AC0328,2024-12-13,transfer,849055.77,completed,
TX00521,AC0022,2024-09-29,transfer,34175.53,completed,
TX00522,AC0334,2024-06-20,transfer,21646.12,completed,
TX00523,AC0336,2024-07-19,transfer,5004.01,failed,
TX00524,AC0345,2024-04-09,deposit,37479.64,failed,
TX00525,AC0093,2024-10-07,deposit,34544.89,completed,
TX00526,AC0007,2024-02-20,payment,41601.31,completed,Spotify
TX00527,AC0146,2024-04-08,payment,17640.67,completed,Jumia
TX00528,AC0305,2024-11-02,payment,2938.41,completed,Chicken Republic
TX00529,AC0310,2024-07-11,payment,6086.86,completed,Chicken Republic
TX00530,AC0057,2024-05-09,withdrawal,9319.95,completed,
TX00531,AC0328,2024-05-21,transfer,46815.48,completed,
TX00532,AC0166,2024-03-23,transfer,33412.2,completed,
TX00533,AC0199,2024-01-31,payment,3213.13,completed,MTN Airtime
TX00534,AC0103,2024-07-20,transfer,3562.98,failed,
TX00535,AC0277,2024-04-21,payment,5510.68,completed,Konga
TX00536,AC0053,2024-02-07,payment,35798.48,completed,Netflix
TX00537,AC0010,2024-03-17,withdrawal,38884.13,completed,
TX00538,AC0137,2024-12-24,payment,33263.83,completed,DSTV
TX00539,AC0252,2024-08-11,transfer,25817.61,completed,
TX00540,AC0036,2024-04-25,transfer,39068.76,completed,
TX00541,AC0247,2024-10-17,payment,34494.14,completed,Spotify
TX00542,AC0029,2024-07-06,transfer,15211.12,completed,
TX00543,AC0236,2024-11-27,deposit,17069.13,completed,
TX00544,AC0197,2024-06-02,payment,2062.63,completed,Filmhouse
TX00545,AC0184,2024-02-13,transfer,31567.79,completed,
TX00546,AC0099,2024-10-30,deposit,7083.15,completed,
TX00547,AC0277,2024-09-12,payment,3243.33,completed,Spotify
TX00548,AC0174,2024-06-21,deposit,919.27,completed,
TX00549,AC0335,2024-08-22,payment,10662.74,completed,Chicken Republic
TX00550,AC0037,2024-03-13,deposit,29009.35,completed,
TX00551,AC0317,2024-05-04,deposit,23613.86,completed,
TX00552,AC0043,2024-08-21,payment,642863.02,completed,Konga
TX00553,AC0055,2024-09-11,payment,3291.49,completed,Konga
TX00554,AC0219,2024-12-13,withdrawal,40242.23,completed,
TX00555,AC0295,2024-03-11,transfer,48795.08,completed,
TX00556,AC0024,2024-03-29,transfer,39675.77,failed,
TX00557,AC0213,2024-12-22,transfer,13767.28,completed,
TX00558,AC0298,2024-03-09,transfer,21989.19,completed,
TX00559,AC0193,2024-01-09,payment,31646.51,completed,Bolt
TX00560,AC0217,2024-05-25,payment,325589.0,failed,Amazon
TX00561,AC0328,2024-09-24,deposit,10387.39,completed,
TX00562,AC0313,2024-11-01,deposit,46910.67,completed,
TX00563,AC0046,2024-06-27,payment,30641.29,completed,Amazon
TX00564,AC0272,2024-11-12,payment,9675.95,completed,DSTV
TX00565,AC0321,2024-05-21,deposit,23264.38,completed,
TX00566,AC0243,2024-03-31,payment,39850.99,completed,Uber
TX00567,AC0108,2024-05-08,payment,18273.23,completed,DSTV
TX00568,AC0023,2024-01-27,withdrawal,37944.56,completed,
TX00569,AC0249,2024-02-29,deposit,39296.05,completed,
TX00570,AC0304,2024-06-15,payment,36098.01,failed,Amazon
TX00571,AC0118,2024-06-15,payment,44928.8,completed,Shoprite
TX00572,AC0103,2024-04-22,payment,20688.51,completed,Netflix
TX00573,AC0224,2024-04-20,deposit,2811.53,completed,
TX00574,AC0070,2024-04-09,withdrawal,19427.78,completed,
TX00575,AC0066,2024-12-20,transfer,10190.32,completed,
TX00576,AC0239,2024-08-02,withdrawal,6911.42,completed,
TX00577,AC0152,2024-03-21,payment,11070.69,failed,Chicken Republic
TX00578,AC0284,2024-02-14,withdrawal,28948.26,completed,
TX00579,AC0111,2024-08-30,transfer,24511.75,failed,
TX00580,AC0127,2024-06-16,deposit,36527.89,completed,
TX00581,AC0303,2024-10-20,transfer,44601.95,completed,
TX00582,AC0241,2024-01-18,payment,2306.79,completed,Amazon
TX00583,AC0051,2024-09-10,deposit,40504.85,completed,
TX00584,AC0209,2024-03-08,payment,37678.63,completed,DSTV
TX00585,AC0009,2024-12-08,transfer,49947.69,completed,
TX00586,AC0293,2024-01-13,transfer,23018.21,failed,
TX00587,AC0208,2024-07-08,deposit,7017.33,completed,
TX00588,AC0322,2024-07-16,deposit,168.05,completed,
TX00589,AC0139,2024-10-04,transfer,14899.84,failed,
TX00590,AC0042,2024-06-20,withdrawal,39405.82,failed,
TX00591,AC0187,2024-02-26,payment,45509.21,completed,Amazon
TX00592,AC0188,2024-11-27,transfer,2139.63,completed,
TX00593,AC0105,2024-06-20,deposit,28081.83,completed,
TX00594,AC0298,2024-04-25,payment,32487.02,completed,DSTV
TX00595,AC0217,2024-01-28,transfer,25227.94,completed,
TX00596,AC0257,2024-03-03,payment,22675.29,completed,Bolt
TX00597,AC0150,2024-11-13,deposit,26689.49,completed,
TX00598,AC0034,2024-08-22,transfer,47273.73,completed,
TX00599,AC0148,2024-02-25,payment,44907.5,completed,Uber
TX00600,AC0078,2024-09-23,transfer,7482.91,completed,
TX00601,AC0278,2024-08-30,payment,48481.77,completed,DSTV
TX00602,AC0150,2024-02-02,transfer,32269.75,completed,
TX00603,AC0267,2024-07-29,payment,11693.17,completed,Konga
TX00604,AC0249,2024-12-06,transfer,39362.54,failed,
TX00605,AC0156,2024-03-08,deposit,22318.29,failed,
TX00606,AC0248,2024-05-27,transfer,13074.37,completed,
TX00607,AC0086,2024-03-23,payment,14290.66,failed,Filmhouse
TX00608,AC0342,2024-03-23,deposit,48662.98,completed,
TX00609,AC0295,2024-08-13,payment,49689.27,completed,MTN Airtime
TX00610,AC0018,2024-06-25,transfer,28168.11,completed,
TX00611,AC0084,2024-06-03,payment,27039.34,completed,Netflix
TX00612,AC0075,2024-06-12,payment,25020.9,completed,Uber
TX00613,AC0260,2024-11-27,payment,27352.66,completed,Filmhouse
TX00614,AC0294,2024-10-16,transfer,14562.38,completed,
TX00615,AC0246,2024-03-12,deposit,5704.55,completed,
TX00616,AC0317,2024-08-16,deposit,1337.3,completed,
TX00617,AC0329,2024-10-25,transfer,2846.18,completed,
TX00618,AC0143,2024-01-12,deposit,46789.69,completed,
TX00619,AC0344,2024-09-19,payment,22328.36,completed,Amazon
TX00620,AC0262,2024-12-07,payment,30198.28,completed,DSTV
TX00621,AC0190,2024-07-09,transfer,42704.82,completed,
TX00622,AC0229,2024-02-14,payment,17632.62,completed,Shoprite
TX00623,AC0227,2024-03-24,deposit,20838.93,completed,
TX00624,AC0301,2024-02-14,transfer,20768.27,failed,
TX00625,AC0269,2024-02-03,payment,23783.2,completed,Konga
TX00626,AC0140,2024-03-30,transfer,20532.09,completed,
TX00627,AC0071,2024-04-05,deposit,28439.02,completed,
TX00628,AC0155,2024-06-04,transfer,24580.22,failed,
TX00629,AC0014,2024-03-19,deposit,23226.25,completed,
TX00630,AC0326,2024-03-04,transfer,32063.7,completed,
TX00631,AC0331,2024-01-15,transfer,24645.14,completed,
TX00632,AC0035,2024-07-04,payment,24703.21,failed,Konga
TX00633,AC0322,2024-12-21,deposit,43430.46,completed,
TX00634,AC0009,2024-03-24,payment,36674.57,completed,Konga
TX00635,AC0070,2024-03-24,payment,23106.09,completed,Jumia
TX00636,AC0183,2024-05-28,transfer,31848.73,completed,
TX00637,AC0264,2024-11-17,transfer,46822.22,completed,
TX00638,AC0086,2024-06-14,payment,29978.25,completed,DSTV
TX00639,AC0186,2024-09-30,transfer,34928.58,completed,
TX00640,AC0071,2024-05-24,withdrawal,7271.5,completed,
TX00641,AC0084,2024-04-21,transfer,20658.53,completed,
TX00642,AC0287,2024-12-19,payment,41595.52,failed,Spotify
TX00643,AC0059,2024-08-23,deposit,35143.02,completed,
TX00644,AC0009,2024-06-27,payment,6648.48,completed,MTN Airtime
TX00645,AC0306,2024-06-24,transfer,22152.7,completed,
TX00646,AC0061,2024-03-06,payment,1535.1,completed,Filmhouse
TX00647,AC0108,2024-02-10,payment,15440.67,completed,Amazon
TX00648,AC0221,2024-04-10,payment,38757.15,completed,Netflix
TX00649,AC0031,2024-03-01,payment,25722.61,completed,MTN Airtime
TX00650,AC0050,2024-11-04,payment,33412.56,completed,Shoprite
TX00651,AC0180,2024-02-16,withdrawal,9320.61,completed,
TX00652,AC0297,2024-06-29,payment,47098.06,completed,Uber
TX00653,AC0259,2024-02-04,deposit,30686.53,failed,
TX00654,AC0271,2024-04-08,payment,38185.88,completed,MTN Airtime
TX00655,AC0051,2024-09-15,payment,26902.61,completed,Filmhouse
TX00656,AC0226,2024-04-02,deposit,29510.09,completed,
TX00657,AC0264,2024-07-27,transfer,21262.18,completed,
TX00658,AC0239,2024-09-23,payment,15782.59,completed,Uber
TX00659,AC0286,2024-02-12,deposit,35266.07,completed,
TX00660,AC0234,2024-06-08,transfer,19300.58,failed,
TX00661,AC0220,2024-02-05,deposit,20423.38,completed,
TX00662,AC0007,2024-12-10,deposit,18435.33,completed,
TX00663,AC0347,2024-03-02,payment,26180.85,completed,Uber
TX00664,AC0053,2024-02-03,transfer,29568.81,completed,
TX00665,AC0305,2024-03-03,transfer,16997.72,completed,
TX00666,AC0143,2024-10-30,payment,36287.5,failed,MTN Airtime
TX00667,AC0208,2024-09-18,transfer,33367.18,completed,
TX00668,AC0063,2024-09-07,transfer,22786.27,completed,
TX00669,AC0016,2024-01-28,deposit,47125.91,completed,
TX00670,AC0092,2024-11-05,payment,1434.77,completed,Chicken Republic
TX00671,AC0050,2024-12-04,transfer,31136.14,completed,
TX00672,AC0104,2024-12-04,deposit,39657.3,completed,
TX00673,AC0176,2024-10-06,deposit,13157.1,completed,
TX00674,AC0221,2024-07-15,payment,1676.77,completed,Bolt
TX00675,AC0019,2024-03-31,transfer,22183.55,completed,
TX00676,AC0085,2024-08-08,deposit,38991.19,completed,
TX00677,AC0057,2024-12-11,payment,19515.12,failed,Bolt
TX00678,AC0244,2024-03-21,deposit,28653.29,completed,
TX00679,AC0303,2024-11-11,deposit,13243.21,completed,
TX00680,AC0032,2024-10-29,transfer,14293.43,completed,
TX00681,AC0299,2024-11-16,payment,18383.86,completed,DSTV
TX00682,AC0183,2024-06-28,transfer,17322.64,completed,
TX00683,AC0332,2024-10-30,payment,12455.94,completed,Netflix
TX00684,AC0087,2024-10-02,payment,5812.12,completed,DSTV
TX00685,AC0291,2024-08-03,payment,43182.09,completed,MTN Airtime
TX00686,AC0163,2024-10-19,payment,29440.66,completed,Amazon
TX00687,AC0052,2024-06-21,transfer,40435.5,completed,
TX00688,AC0174,2024-11-10,deposit,38268.7,completed,
TX00689,AC0255,2024-10-01,transfer,21855.96,completed,
TX00690,AC0294,2024-04-25,payment,2471.81,completed,Konga
TX00691,AC0304,2024-05-19,payment,28951.84,completed,Netflix
TX00692,AC0108,2024-02-09,withdrawal,23815.89,completed,
TX00693,AC0340,2024-06-09,transfer,15065.46,completed,
TX00694,AC0264,2024-12-09,payment,12638.11,completed,Spotify
TX00695,AC0265,2024-10-22,payment,31429.41,completed,Bolt
TX00696,AC0240,2024-11-22,payment,41213.01,completed,Spotify
TX00697,AC0290,2024-09-24,withdrawal,45351.11,completed,
TX00698,AC0078,2024-08-10,payment,7472.41,completed,Amazon
TX00699,AC0325,2024-07-30,transfer,45565.78,completed,
TX00700,AC0132,2024-04-30,transfer,32337.53,failed,
TX00701,AC0015,2024-06-07,transfer,7583.12,completed,
TX00702,AC0217,2024-04-13,deposit,49565.53,completed,
TX00703,AC0143,2024-03-31,payment,1554.18,completed,Chicken Republic
TX00704,AC0011,2024-02-12,payment,24343.51,completed,DSTV
TX00705,AC0209,2024-12-09,withdrawal,3272.73,completed,
TX00706,AC0072,2024-02-27,payment,42006.54,completed,Konga
TX00707,AC0298,2024-05-08,deposit,26145.68,completed,
TX00708,AC0063,2024-06-17,deposit,11980.04,completed,
TX00709,AC0121,2024-04-21,withdrawal,40311.5,completed,
TX00710,AC0141,2024-07-28,payment,10784.02,completed,MTN Airtime
TX00711,AC0058,2024-10-06,withdrawal,26720.15,completed,
TX00712,AC0143,2024-07-04,transfer,12392.7,completed,
TX00713,AC0011,2024-01-18,deposit,41086.13,failed,
TX00714,AC0123,2024-10-09,payment,39461.26,completed,Amazon
TX00715,AC0063,2024-05-01,transfer,35060.78,completed,
TX00716,AC0202,2024-06-03,deposit,45498.48,completed,
TX00717,AC0153,2024-03-23,payment,37857.73,completed,Bolt
TX00718,AC0209,2024-05-20,transfer,38360.37,completed,
TX00719,AC0242,2024-06-19,payment,47030.72,completed,Filmhouse
TX00720,AC0083,2024-09-16,transfer,41030.04,completed,
TX00721,AC0281,2024-08-20,payment,30145.59,completed,Filmhouse
TX00722,AC0095,2024-11-24,payment,32104.5,completed,Uber
TX00723,AC0161,2024-02-12,payment,31451.98,failed,Netflix
TX00724,AC0333,2024-10-31,payment,35706.84,completed,Chicken Republic
TX00725,AC0245,2024-05-13,transfer,16038.02,completed,
TX00726,AC0145,2024-02-13,payment,41355.75,completed,Amazon
TX00727,AC0293,2024-01-11,transfer,43831.86,completed,
TX00728,AC0321,2024-02-15,payment,32390.62,completed,Bolt
TX00729,AC0026,2024-11-12,payment,42606.36,completed,Amazon
TX00730,AC0189,2024-10-17,withdrawal,4544.16,completed,
TX00731,AC0328,2024-03-01,payment,568086.39,failed,Shoprite
TX00732,AC0137,2024-09-10,payment,43110.64,completed,Amazon
TX00733,AC0111,2024-12-12,payment,10409.64,completed,Shoprite
TX00734,AC0015,2024-05-14,transfer,39643.93,completed,
TX00735,AC0190,2024-12-16,payment,45375.68,failed,Chicken Republic
TX00736,AC0166,2024-12-17,deposit,23497.19,completed,
TX00737,AC0306,2024-02-07,payment,35451.81,completed,Netflix
TX00738,AC0121,2024-06-30,deposit,16709.84,completed,
TX00739,AC0307,2024-01-03,withdrawal,48363.77,completed,
TX00740,AC0203,2024-03-08,transfer,19108.79,completed,
TX00741,AC0087,2024-09-09,deposit,9050.67,completed,
TX00742,AC0163,2024-08-09,transfer,6682.78,completed,
TX00743,AC0066,2024-05-23,payment,15732.15,completed,Filmhouse
TX00744,AC0135,2024-05-15,transfer,14217.98,failed,
TX00745,AC0162,2024-03-18,deposit,44644.32,completed,
TX00746,AC0226,2024-04-06,deposit,32905.23,completed,
TX00747,AC0241,2024-03-24,payment,9238.75,completed,Filmhouse
TX00748,AC0254,2024-08-14,deposit,49760.57,completed,
TX00749,AC0235,2024-02-27,transfer,28086.64,completed,
TX00750,AC0146,2024-03-27,payment,4769.54,completed,Filmhouse
TX00751,AC0340,2024-04-18,deposit,28206.04,failed,
TX00752,AC0293,2024-08-01,withdrawal,305.87,completed,
TX00753,AC0049,2024-01-14,payment,24955.73,completed,MTN Airtime
TX00754,AC0055,2024-03-19,payment,29557.89,completed,Jumia
TX00755,AC0246,2024-11-17,payment,35414.56,completed,MTN Airtime
TX00756,AC0023,2024-08-19,withdrawal,16538.4,failed,
TX00757,AC0292,2024-04-18,transfer,49991.07,completed,
TX00758,AC0029,2024-10-07,payment,14219.41,completed,Konga
TX00759,AC0123,2024-02-15,transfer,12832.68,completed,
TX00760,AC0207,2024-11-27,payment,8230.74,completed,Chicken Republic
TX00761,AC0222,2024-12-16,payment,24593.17,completed,Konga
TX00762,AC0189,2024-04-12,payment,4895.96,completed,Bolt
TX00763,AC0289,2024-08-04,deposit,23874.34,failed,
TX00764,AC0315,2024-08-10,payment,40568.62,completed,Chicken Republic
TX00765,AC0238,2024-11-27,transfer,25715.74,completed,
TX00766,AC0332,2024-02-12,payment,26411.21,completed,MTN Airtime
TX00767,AC0245,2024-03-17,deposit,45369.66,completed,
TX00768,AC0128,2024-08-06,payment,15090.39,completed,MTN Airtime
TX00769,AC0024,2024-02-25,withdrawal,3918.97,completed,
TX00770,AC0339,2024-05-09,deposit,4814.77,failed,
TX00771,AC0258,2024-02-28,transfer,4180.3,completed,
TX00772,AC0202,2024-02-12,deposit,9192.19,completed,
TX00773,AC0301,2024-12-09,transfer,14952.61,completed,
TX00774,AC0096,2024-04-04,deposit,13327.21,completed,
TX00775,AC0345,2024-08-10,payment,30242.24,completed,Spotify
TX00776,AC0206,2024-08-23,payment,281674.78,failed,Filmhouse
TX00777,AC0309,2024-06-04,transfer,48293.61,completed,
TX00778,AC0345,2024-06-03,withdrawal,30875.57,completed,
TX00779,AC0058,2024-12-22,payment,792.41,completed,Shoprite
TX00780,AC0333,2024-08-11,payment,32466.3,completed,Chicken Republic
TX00781,AC0238,2024-08-30,deposit,15115.8,completed,
TX00782,AC0079,2024-09-05,transfer,8388.66,completed,
TX00783,AC0206,2024-05-30,deposit,514661.39,completed,
TX00784,AC0171,2024-02-22,withdrawal,19647.5,completed,
TX00785,AC0297,2024-10-10,transfer,42445.95,failed,
TX00786,AC0263,2024-11-09,transfer,20044.05,failed,
TX00787,AC0010,2024-10-22,deposit,3129.16,completed,
TX00788,AC0332,2024-08-30,transfer,13465.66,completed,
TX00789,AC0178,2024-12-23,payment,46954.33,completed,Amazon
TX00790,AC0241,2024-08-12,payment,36337.84,completed,Shoprite
TX00791,AC0174,2024-12-02,deposit,45462.6,failed,
TX00792,AC0200,2024-12-10,deposit,14740.36,completed,
TX00793,AC0083,2024-04-16,transfer,40007.78,failed,
TX00794,AC0248,2024-03-29,transfer,4400.98,completed,
TX00795,AC0213,2024-06-04,payment,24660.07,completed,Shoprite
TX00796,AC0184,2024-07-01,payment,49963.14,completed,Chicken Republic
TX00797,AC0258,2024-02-02,payment,42987.14,completed,DSTV
TX00798,AC0288,2024-09-06,transfer,11411.84,completed,
TX00799,AC0024,2024-05-16,transfer,39265.8,completed,
TX00800,AC0310,2024-12-27,payment,43697.41,completed,Jumia
TX00801,AC0057,2024-11-08,deposit,48136.09,completed,
TX00802,AC0288,2024-09-16,withdrawal,47374.44,completed,
TX00803,AC0106,2024-03-21,payment,5991.16,completed,Filmhouse
TX00804,AC0256,2024-03-19,transfer,38122.04,completed,
TX00805,AC0104,2024-07-31,transfer,6974.85,completed,
TX00806,AC0175,2024-09-15,payment,40476.35,completed,Uber
TX00807,AC0213,2024-11-18,payment,35788.47,completed,Chicken Republic
TX00808,AC0216,2024-03-11,payment,37700.01,completed,Amazon
TX00809,AC0265,2024-01-16,transfer,44913.46,completed,
TX00810,AC0265,2024-02-13,deposit,596.44,completed,
TX00811,AC0085,2024-02-01,transfer,49099.05,completed,
TX00812,AC0329,2024-10-21,transfer,33042.79,completed,
TX00813,AC0339,2024-05-31,payment,49004.35,completed,Amazon
TX00814,AC0156,2024-06-25,transfer,35069.44,completed,
TX00815,AC0313,2024-12-24,payment,45020.41,completed,Amazon
TX00816,AC0320,2024-11-29,deposit,44390.23,failed,
TX00817,AC0333,2024-04-11,deposit,44394.98,completed,
TX00818,AC0200,2024-09-23,transfer,26917.93,completed,
TX00819,AC0283,2024-09-23,deposit,4731.7,completed,
TX00820,AC0015,2024-10-30,transfer,8085.36,completed,
TX00821,AC0217,2024-02-26,transfer,38730.47,completed,
TX00822,AC0260,2024-03-04,payment,13061.85,completed,Jumia
TX00823,AC0003,2024-06-22,payment,28664.52,completed,Shoprite
TX00824,AC0322,2024-10-31,withdrawal,44727.51,completed,
TX00825,AC0294,2024-12-31,payment,14298.32,completed,Amazon
TX00826,AC0265,2024-04-08,deposit,5350.82,failed,
TX00827,AC0218,2024-02-11,transfer,7413.01,completed,
TX00828,AC0244,2024-08-16,payment,44436.61,completed,Netflix
TX00829,AC0287,2024-07-21,transfer,20197.41,completed,
TX00830,AC0226,2024-08-01,transfer,31859.41,completed,
TX00831,AC0235,2024-12-26,payment,6443.49,completed,Spotify
TX00832,AC0243,2024-03-21,deposit,10710.86,completed,
TX00833,AC0309,2024-02-26,deposit,47595.91,completed,
TX00834,AC0268,2024-03-01,payment,14550.57,completed,DSTV
TX00835,AC0249,2024-03-14,transfer,15232.68,completed,
TX00836,AC0157,2024-04-20,payment,21145.67,completed,Uber
TX00837,AC0217,2024-08-01,deposit,583276.11,completed,
TX00838,AC0173,2024-08-31,deposit,28331.62,completed,
TX00839,AC0326,2024-08-18,withdrawal,7012.26,completed,
TX00840,AC0046,2024-12-06,deposit,36420.42,failed,
TX00841,AC0203,2024-10-03,withdrawal,11717.83,completed,
TX00842,AC0143,2024-03-25,payment,44513.15,completed,Filmhouse
TX00843,AC0159,2024-11-26,payment,39828.32,completed,Netflix
TX00844,AC0278,2024-01-28,deposit,47762.9,failed,
TX00845,AC0258,2024-03-02,withdrawal,37552.87,completed,
TX00846,AC0106,2024-12-27,deposit,1046.78,completed,
TX00847,AC0311,2024-07-24,withdrawal,40365.36,completed,
TX00848,AC0012,2024-08-11,withdrawal,43112.52,completed,
TX00849,AC0163,2024-05-11,payment,42996.46,completed,Netflix
TX00850,AC0147,2024-04-03,payment,27134.79,completed,MTN Airtime
TX00851,AC0348,2024-01-31,payment,47613.02,completed,Konga
TX00852,AC0153,2024-02-20,transfer,35693.7,completed,
TX00853,AC0133,2024-03-02,transfer,44661.25,completed,
TX00854,AC0301,2024-09-09,payment,37631.47,completed,Spotify
TX00855,AC0032,2024-08-25,deposit,5842.56,completed,
TX00856,AC0209,2024-01-10,deposit,24260.16,completed,
TX00857,AC0052,2024-10-11,transfer,29350.02,completed,
TX00858,AC0043,2024-04-14,payment,20396.62,completed,Uber
TX00859,AC0126,2024-08-04,transfer,8492.6,completed,
TX00860,AC0238,2024-05-28,deposit,149.95,failed,
TX00861,AC0328,2024-11-02,payment,853454.77,completed,MTN Airtime
TX00862,AC0109,2024-09-18,transfer,42137.69,failed,
TX00863,AC0289,2024-06-02,transfer,36985.23,completed,
TX00864,AC0072,2024-05-23,payment,6236.55,completed,Amazon
TX00865,AC0163,2024-11-21,payment,47875.12,completed,MTN Airtime
TX00866,AC0165,2024-04-17,deposit,33147.62,completed,
TX00867,AC0069,2024-11-07,deposit,16490.02,completed,
TX00868,AC0206,2024-10-11,deposit,206705.03,completed,
TX00869,AC0333,2024-10-02,deposit,26952.76,completed,
TX00870,AC0228,2024-06-29,payment,40821.22,completed,Amazon
TX00871,AC0005,2024-08-24,withdrawal,8941.61,completed,
TX00872,AC0114,2024-05-23,transfer,22284.43,completed,
TX00873,AC0321,2024-04-23,transfer,40832.41,completed,
TX00874,AC0019,2024-09-09,payment,48368.1,completed,Filmhouse
TX00875,AC0327,2024-02-26,withdrawal,9884.73,completed,
TX00876,AC0283,2024-12-03,transfer,24751.16,completed,
TX00877,AC0090,2024-10-28,withdrawal,30188.33,completed,
TX00878,AC0292,2024-09-24,payment,6458.8,completed,Filmhouse
TX00879,AC0348,2024-11-10,transfer,33931.14,completed,
TX00880,AC0002,2024-11-24,transfer,44166.79,completed,
TX00881,AC0209,2024-03-03,payment,16217.66,completed,Chicken Republic
TX00882,AC0023,2024-01-25,deposit,18137.44,completed,
TX00883,AC0162,2024-07-19,transfer,26667.27,completed,
TX00884,AC0013,2024-12-19,payment,44016.91,completed,Amazon
TX00885,AC0169,2024-02-02,payment,9924.15,completed,Chicken Republic
TX00886,AC0013,2024-11-16,payment,21654.25,failed,DSTV
TX00887,AC0175,2024-06-19,transfer,23731.47,completed,
TX00888,AC0308,2024-08-12,deposit,47183.02,failed,
TX00889,AC0044,2024-01-18,payment,28988.83,completed,Amazon
TX00890,AC0066,2024-08-14,transfer,34698.85,completed,
TX00891,AC0034,2024-12-12,payment,31346.64,completed,Jumia
TX00892,AC0206,2024-11-12,deposit,42511.47,completed,
TX00893,AC0338,2024-01-06,transfer,30018.84,failed,
TX00894,AC0318,2024-02-21,deposit,39778.72,failed,
TX00895,AC0014,2024-09-21,transfer,33821.23,completed,
TX00896,AC0007,2024-12-31,transfer,5489.53,failed,
TX00897,AC0294,2024-11-22,payment,42054.9,completed,Spotify
TX00898,AC0318,2024-04-05,transfer,24121.83,completed,
TX00899,AC0066,2024-10-26,payment,2299.13,completed,Amazon
TX00900,AC0160,2024-10-04,deposit,37743.24,failed,
TX00901,AC0176,2024-07-07,payment,15502.85,completed,Jumia
TX00902,AC0030,2024-09-16,deposit,33947.19,completed,
TX00903,AC0101,2024-11-23,deposit,21160.85,completed,
TX00904,AC0342,2024-12-21,payment,17143.44,completed,Filmhouse
TX00905,AC0297,2024-06-20,deposit,16624.16,failed,
TX00906,AC0054,2024-01-22,withdrawal,16498.09,completed,
TX00907,AC0115,2024-08-26,deposit,284.48,completed,
TX00908,AC0170,2024-04-15,withdrawal,24089.24,completed,
TX00909,AC0186,2024-02-07,transfer,49494.91,completed,
TX00910,AC0149,2024-04-09,transfer,5847.95,completed,
TX00911,AC0016,2024-04-11,withdrawal,18059.47,completed,
TX00912,AC0090,2024-10-10,transfer,44280.57,completed,
TX00913,AC0135,2024-01-11,payment,1172.45,completed,Chicken Republic
TX00914,AC0057,2024-04-17,payment,39391.96,completed,MTN Airtime
TX00915,AC0339,2024-09-26,deposit,40493.44,completed,
TX00916,AC0034,2024-03-14,withdrawal,43931.55,completed,
TX00917,AC0194,2024-06-11,payment,9664.9,completed,Konga
TX00918,AC0024,2024-10-27,transfer,12303.03,failed,
TX00919,AC0077,2024-05-06,payment,14779.72,completed,Jumia
TX00920,AC0300,2024-04-17,transfer,42589.98,completed,
TX00921,AC0315,2024-03-26,payment,39570.76,completed,Spotify
TX00922,AC0261,2024-09-12,transfer,32289.07,completed,
TX00923,AC0192,2024-12-21,deposit,16158.97,completed,
TX00924,AC0138,2024-07-24,deposit,24790.12,failed,
TX00925,AC0104,2024-04-30,withdrawal,10439.26,completed,
TX00926,AC0194,2024-03-21,transfer,21308.64,failed,
TX00927,AC0044,2024-08-15,transfer,4329.47,completed,
TX00928,AC0239,2024-11-14,deposit,29239.72,completed,
TX00929,AC0210,2024-09-11,transfer,23430.79,completed,
TX00930,AC0227,2024-05-15,transfer,1333.44,completed,
TX00931,AC0257,2024-10-06,payment,4212.68,completed,Chicken Republic
TX00932,AC0051,2024-02-06,payment,46337.64,completed,DSTV
TX00933,AC0346,2024-05-08,payment,16754.52,completed,MTN Airtime
TX00934,AC0071,2024-05-13,transfer,30241.3,completed,
TX00935,AC0178,2024-07-26,payment,14164.08,completed,Konga
TX00936,AC0077,2024-04-26,payment,25681.08,completed,Shoprite
TX00937,AC0283,2024-08-24,payment,25839.68,completed,DSTV
TX00938,AC0214,2024-08-12,payment,9473.54,completed,Bolt
TX00939,AC0066,2024-01-05,deposit,7033.62,completed,
TX00940,AC0174,2024-08-02,deposit,41731.51,completed,
TX00941,AC0276,2024-06-15,transfer,20228.1,completed,
TX00942,AC0072,2024-06-18,withdrawal,39289.35,completed,
TX00943,AC0312,2024-07-19,withdrawal,30189.84,failed,
TX00944,AC0274,2024-04-06,transfer,19592.74,completed,
TX00945,AC0232,2024-02-17,deposit,28518.8,completed,
TX00946,AC0017,2024-09-07,payment,27690.05,failed,Jumia
TX00947,AC0198,2024-04-15,payment,45576.13,completed,Shoprite
TX00948,AC0030,2024-09-22,transfer,3591.97,completed,
TX00949,AC0211,2024-03-21,payment,42999.4,completed,Netflix
TX00950,AC0036,2024-04-15,payment,23964.73,completed,Uber
TX00951,AC0341,2024-03-22,payment,40913.02,completed,Konga
TX00952,AC0258,2024-05-21,withdrawal,29415.85,completed,
TX00953,AC0217,2024-11-05,payment,299884.39,completed,Shoprite
TX00954,AC0252,2024-08-24,deposit,28504.53,completed,
TX00955,AC0331,2024-06-26,withdrawal,4646.02,completed,
TX00956,AC0090,2024-05-07,transfer,41189.14,completed,
TX00957,AC0235,2024-12-03,payment,36688.87,completed,Uber
TX00958,AC0023,2024-03-21,withdrawal,34962.37,completed,
TX00959,AC0342,2024-12-23,transfer,26933.1,completed,
TX00960,AC0284,2024-07-07,payment,20622.78,completed,Netflix
TX00961,AC0210,2024-03-25,payment,38997.58,completed,MTN Airtime
TX00962,AC0038,2024-07-14,payment,23162.16,completed,DSTV
TX00963,AC0006,2024-02-28,transfer,19894.05,completed,
TX00964,AC0249,2024-02-04,payment,37458.93,completed,Netflix
TX00965,AC0225,2024-08-29,deposit,35707.72,completed,
TX00966,AC0010,2024-02-21,transfer,8612.4,failed,
TX00967,AC0201,2024-02-09,payment,26779.23,completed,Chicken Republic
TX00968,AC0184,2024-04-20,payment,7759.47,completed,Filmhouse
TX00969,AC0227,2024-11-21,payment,26661.71,completed,Spotify
TX00970,AC0027,2024-01-03,payment,15485.38,failed,Jumia
TX00971,AC0192,2024-04-12,transfer,46448.15,completed,
TX00972,AC0217,2024-04-08,payment,219560.92,completed,Chicken Republic
TX00973,AC0341,2024-03-26,payment,44126.07,completed,Jumia
TX00974,AC0166,2024-11-16,transfer,40799.65,completed,
TX00975,AC0203,2024-03-02,payment,46722.94,completed,Shoprite
TX00976,AC0008,2024-11-30,payment,16236.05,completed,DSTV
TX00977,AC0034,2024-11-28,payment,22992.92,completed,Konga
TX00978,AC0211,2024-11-02,transfer,44284.46,completed,
TX00979,AC0275,2024-03-28,deposit,5180.5,failed,
TX00980,AC0324,2024-12-13,transfer,30033.37,completed,
TX00981,AC0163,2024-02-04,payment,31804.14,completed,DSTV
TX00982,AC0196,2024-11-23,payment,29293.34,completed,Filmhouse
TX00983,AC0007,2024-01-11,payment,35260.99,completed,Konga
TX00984,AC0125,2024-02-10,payment,36921.87,failed,Jumia
TX00985,AC0078,2024-04-14,payment,14901.08,completed,Chicken Republic
TX00986,AC0228,2024-03-09,payment,36292.89,completed,MTN Airtime
TX00987,AC0267,2024-11-27,transfer,38048.64,completed,
TX00988,AC0170,2024-05-04,transfer,11527.6,completed,
TX00989,AC0341,2024-12-17,payment,45340.94,completed,Filmhouse
TX00990,AC0165,2024-08-14,payment,19136.15,completed,Chicken Republic
TX00991,AC0099,2024-11-20,payment,24632.95,completed,Uber
TX00992,AC0282,2024-04-30,payment,8766.42,completed,Spotify
TX00993,AC0085,2024-05-05,payment,23407.0,completed,Amazon
TX00994,AC0296,2024-11-21,payment,15224.73,completed,Shoprite
TX00995,AC0185,2024-07-12,transfer,24110.42,completed,
TX00996,AC0313,2024-03-20,payment,21192.59,completed,Bolt
TX00997,AC0043,2024-10-31,payment,21427.12,completed,Spotify
TX00998,AC0195,2024-06-05,payment,8867.4,completed,Bolt
TX00999,AC0037,2024-03-10,transfer,30340.67,completed,
TX01000,AC0003,2024-09-13,deposit,45814.98,completed,
TX01001,AC0203,2024-07-15,transfer,46291.98,completed,
TX01002,AC0037,2024-01-20,deposit,49377.35,completed,
TX01003,AC0100,2024-05-10,payment,28323.87,completed,Filmhouse
TX01004,AC0189,2024-11-29,transfer,24482.23,completed,
TX01005,AC0125,2024-01-18,transfer,36809.64,completed,
TX01006,AC0341,2024-05-13,transfer,33853.64,completed,
TX01007,AC0131,2024-11-04,withdrawal,34085.22,completed,
TX01008,AC0007,2024-02-17,withdrawal,42091.64,completed,
TX01009,AC0042,2024-04-06,transfer,29349.41,completed,
TX01010,AC0155,2024-09-29,transfer,21400.89,completed,
TX01011,AC0046,2024-11-21,transfer,36723.28,completed,
TX01012,AC0074,2024-04-17,withdrawal,17285.2,completed,
TX01013,AC0087,2024-01-01,transfer,420.37,completed,
TX01014,AC0269,2024-12-01,payment,34846.2,completed,MTN Airtime
TX01015,AC0069,2024-09-06,transfer,18795.1,completed,
TX01016,AC0291,2024-04-05,payment,5600.89,completed,Shoprite
TX01017,AC0099,2024-07-28,payment,40478.01,completed,Bolt
TX01018,AC0041,2024-02-13,withdrawal,31858.04,completed,
TX01019,AC0016,2024-04-30,transfer,3306.7,failed,
TX01020,AC0005,2024-05-16,deposit,38050.63,completed,
TX01021,AC0022,2024-04-18,payment,39481.44,completed,Spotify
TX01022,AC0137,2024-08-30,payment,26051.7,completed,DSTV
TX01023,AC0176,2024-05-02,withdrawal,18602.18,completed,
TX01024,AC0030,2024-06-18,transfer,18983.94,completed,
TX01025,AC0328,2024-01-14,payment,809379.06,completed,Konga
TX01026,AC0128,2024-08-19,payment,14045.43,completed,Konga
TX01027,AC0002,2024-01-09,deposit,33045.4,completed,
TX01028,AC0167,2024-04-29,transfer,48482.92,completed,
TX01029,AC0042,2024-08-07,withdrawal,36986.31,completed,
TX01030,AC0052,2024-05-30,deposit,42869.29,completed,
TX01031,AC0267,2024-09-15,withdrawal,7243.76,failed,
TX01032,AC0155,2024-08-27,payment,39861.36,completed,Uber
TX01033,AC0277,2024-05-04,deposit,24160.21,completed,
TX01034,AC0046,2024-08-10,payment,47216.07,completed,Filmhouse
TX01035,AC0197,2024-04-22,payment,46455.47,completed,Filmhouse
TX01036,AC0344,2024-12-06,transfer,47580.04,completed,
TX01037,AC0252,2024-12-20,payment,31714.05,completed,DSTV
TX01038,AC0308,2024-11-25,payment,38340.24,completed,DSTV
TX01039,AC0196,2024-08-11,transfer,37174.09,completed,
TX01040,AC0045,2024-02-15,payment,5872.93,completed,DSTV
TX01041,AC0060,2024-07-07,withdrawal,37256.43,failed,
TX01042,AC0296,2024-06-08,payment,47708.02,completed,Jumia
TX01043,AC0217,2024-07-05,withdrawal,42371.22,completed,
TX01044,AC0114,2024-07-21,payment,30120.72,completed,Jumia
TX01045,AC0152,2024-09-12,deposit,15864.72,completed,
TX01046,AC0341,2024-11-02,deposit,14241.3,completed,
TX01047,AC0064,2024-12-27,transfer,49517.72,completed,
TX01048,AC0254,2024-12-26,withdrawal,41451.5,completed,
TX01049,AC0079,2024-04-25,transfer,40529.49,completed,
TX01050,AC0250,2024-06-02,payment,38824.33,completed,Chicken Republic
TX01051,AC0173,2024-12-13,payment,27442.35,completed,Bolt
TX01052,AC0271,2024-05-24,transfer,19614.05,completed,
TX01053,AC0050,2024-06-14,payment,27445.7,completed,Konga
TX01054,AC0235,2024-10-22,payment,35508.42,completed,Uber
TX01055,AC0075,2024-04-21,deposit,14624.97,completed,
TX01056,AC0295,2024-12-13,payment,555.71,completed,Uber
TX01057,AC0087,2024-02-19,transfer,21412.84,completed,
TX01058,AC0027,2024-09-20,transfer,9063.68,completed,
TX01059,AC0322,2024-05-05,transfer,48489.38,completed,
TX01060,AC0155,2024-03-29,payment,19892.58,failed,Chicken Republic
TX01061,AC0344,2024-08-25,transfer,49559.08,completed,
TX01062,AC0189,2024-03-02,transfer,32694.45,completed,
TX01063,AC0343,2024-04-25,payment,24512.0,completed,Jumia
TX01064,AC0141,2024-10-30,withdrawal,28674.27,completed,
TX01065,AC0223,2024-10-19,payment,49997.71,completed,Uber
TX01066,AC0276,2024-07-26,payment,35717.03,completed,Filmhouse
TX01067,AC0272,2024-02-02,payment,40891.4,completed,Spotify
TX01068,AC0334,2024-04-16,withdrawal,40959.5,completed,
TX01069,AC0093,2024-10-11,payment,29995.22,completed,Bolt
TX01070,AC0106,2024-02-14,transfer,6527.92,completed,
TX01071,AC0044,2024-09-16,deposit,37678.13,completed,
TX01072,AC0217,2024-05-07,transfer,27266.91,completed,
TX01073,AC0151,2024-08-15,transfer,47295.15,completed,
TX01074,AC0268,2024-11-06,payment,34785.56,completed,Spotify
TX01075,AC0023,2024-01-19,deposit,5040.56,completed,
TX01076,AC0111,2024-11-04,payment,42818.65,completed,Spotify
TX01077,AC0319,2024-02-08,payment,13942.05,completed,Spotify
TX01078,AC0084,2024-08-21,transfer,32523.47,completed,
TX01079,AC0074,2024-04-14,payment,33858.63,completed,Netflix
TX01080,AC0099,2024-10-15,transfer,34870.47,completed,
TX01081,AC0079,2024-08-10,deposit,21042.35,completed,
TX01082,AC0040,2024-03-04,transfer,30220.0,completed,
TX01083,AC0034,2024-11-23,deposit,27463.6,completed,
TX01084,AC0140,2024-04-25,payment,16742.52,completed,MTN Airtime
TX01085,AC0114,2024-02-23,payment,48976.31,completed,Netflix
TX01086,AC0302,2024-02-18,payment,43788.05,completed,Spotify
TX01087,AC0283,2024-11-07,transfer,43283.38,completed,
TX01088,AC0200,2024-06-25,payment,8620.3,completed,Filmhouse
TX01089,AC0207,2024-10-30,deposit,44112.86,completed,
TX01090,AC0080,2024-03-14,payment,34364.25,completed,Amazon
TX01091,AC0328,2024-12-28,withdrawal,2737.94,completed,
TX01092,AC0235,2024-08-12,payment,20970.36,completed,DSTV
TX01093,AC0220,2024-04-27,deposit,13863.57,completed,
TX01094,AC0157,2024-06-09,transfer,4438.42,completed,
TX01095,AC0123,2024-03-25,payment,3926.99,completed,Konga
TX01096,AC0253,2024-08-05,payment,14363.96,completed,Chicken Republic
TX01097,AC0255,2024-12-16,deposit,6907.78,completed,
TX01098,AC0316,2024-01-04,deposit,20333.03,completed,
TX01099,AC0126,2024-12-16,transfer,37508.43,completed,
TX01100,AC0087,2024-04-25,withdrawal,22487.74,completed,
TX01101,AC0264,2024-01-27,payment,41986.51,completed,Amazon
TX01102,AC0058,2024-12-13,deposit,18726.86,completed,
TX01103,AC0061,2024-06-02,payment,42553.77,completed,Bolt
TX01104,AC0324,2024-07-20,transfer,211.49,failed,
TX01105,AC0330,2024-01-19,payment,46462.54,completed,Bolt
TX01106,AC0004,2024-08-23,withdrawal,2969.09,failed,
TX01107,AC0180,2024-07-24,transfer,5447.49,completed,
TX01108,AC0206,2024-09-27,transfer,501562.67,completed,
TX01109,AC0250,2024-03-20,deposit,20594.88,completed,
TX01110,AC0154,2024-08-07,transfer,19828.41,completed,
TX01111,AC0225,2024-03-23,payment,13547.14,completed,Uber
TX01112,AC0102,2024-04-07,transfer,389.93,completed,
TX01113,AC0170,2024-03-23,transfer,19787.85,completed,
TX01114,AC0137,2024-08-03,payment,47988.97,completed,Bolt
TX01115,AC0066,2024-07-23,deposit,34118.65,completed,
TX01116,AC0200,2024-02-26,deposit,37120.47,completed,
TX01117,AC0177,2024-01-07,payment,6393.57,completed,Chicken Republic
TX01118,AC0220,2024-01-05,payment,41508.8,failed,Amazon
TX01119,AC0220,2024-11-12,deposit,24347.87,completed,
TX01120,AC0144,2024-05-14,payment,9424.33,completed,Filmhouse
TX01121,AC0243,2024-12-24,payment,21515.03,completed,Filmhouse
TX01122,AC0303,2024-04-27,deposit,9514.58,completed,
TX01123,AC0099,2024-08-06,payment,2014.48,completed,Jumia
TX01124,AC0195,2024-09-25,withdrawal,43231.07,completed,
TX01125,AC0114,2024-08-06,transfer,49008.2,completed,
TX01126,AC0027,2024-02-26,deposit,21410.93,completed,
TX01127,AC0215,2024-06-12,transfer,47155.64,completed,
TX01128,AC0339,2024-04-18,payment,126.74,completed,MTN Airtime
TX01129,AC0221,2024-05-09,deposit,30365.44,completed,
TX01130,AC0050,2024-12-15,deposit,15287.4,completed,
TX01131,AC0185,2024-10-28,deposit,6602.37,completed,
TX01132,AC0142,2024-10-26,deposit,11988.79,completed,
TX01133,AC0323,2024-03-02,transfer,5407.64,failed,
TX01134,AC0336,2024-04-08,payment,45617.62,completed,Filmhouse
TX01135,AC0280,2024-06-24,deposit,3836.49,failed,
TX01136,AC0104,2024-03-19,transfer,49483.27,completed,
TX01137,AC0130,2024-06-26,payment,20968.81,completed,DSTV
TX01138,AC0224,2024-09-04,deposit,5959.7,completed,
TX01139,AC0012,2024-11-02,transfer,47626.97,completed,
TX01140,AC0024,2024-02-01,transfer,6533.82,failed,
TX01141,AC0273,2024-02-08,payment,19934.94,completed,Uber
TX01142,AC0200,2024-11-06,deposit,19269.11,completed,
TX01143,AC0293,2024-10-30,transfer,279.67,completed,
TX01144,AC0234,2024-12-28,payment,39553.28,completed,Filmhouse
TX01145,AC0152,2024-10-09,deposit,42638.51,completed,
TX01146,AC0122,2024-01-21,payment,2376.06,completed,Chicken Republic
TX01147,AC0069,2024-01-27,payment,13960.05,completed,Chicken Republic
TX01148,AC0060,2024-11-28,payment,10577.62,completed,DSTV
TX01149,AC0282,2024-03-09,withdrawal,16295.64,completed,
TX01150,AC0030,2024-07-01,transfer,14815.28,completed,
TX01151,AC0132,2024-10-02,payment,14056.52,completed,Chicken Republic
TX01152,AC0196,2024-11-16,withdrawal,37313.91,completed,
TX01153,AC0113,2024-05-17,withdrawal,40860.67,completed,
TX01154,AC0203,2024-08-16,payment,40405.87,completed,Shoprite
TX01155,AC0048,2024-04-02,transfer,45118.19,completed,
TX01156,AC0097,2024-09-08,deposit,43131.37,failed,
TX01157,AC0084,2024-07-20,payment,1150.26,completed,Chicken Republic
TX01158,AC0219,2024-08-20,withdrawal,7261.77,completed,
TX01159,AC0007,2024-02-21,transfer,26386.25,failed,
TX01160,AC0007,2024-03-08,transfer,5590.77,completed,
TX01161,AC0322,2024-01-07,payment,13456.06,failed,Jumia
TX01162,AC0044,2024-03-12,payment,40930.94,completed,Bolt
TX01163,AC0158,2024-09-02,withdrawal,40791.7,completed,
TX01164,AC0137,2024-03-04,payment,27221.97,completed,Jumia
TX01165,AC0262,2024-03-13,payment,14907.25,completed,Jumia
TX01166,AC0076,2024-12-01,payment,21414.06,completed,MTN Airtime
TX01167,AC0058,2024-03-27,payment,34252.43,completed,Netflix
TX01168,AC0183,2024-11-11,payment,47796.87,completed,DSTV
TX01169,AC0044,2024-11-05,payment,46242.64,completed,Uber
TX01170,AC0093,2024-03-17,payment,16808.72,completed,Chicken Republic
TX01171,AC0054,2024-09-12,transfer,14421.58,completed,
TX01172,AC0040,2024-03-17,transfer,40554.9,completed,
TX01173,AC0245,2024-02-27,payment,19590.92,completed,Konga
TX01174,AC0047,2024-03-06,transfer,13995.96,completed,
TX01175,AC0254,2024-09-03,payment,17695.18,completed,Filmhouse
TX01176,AC0071,2024-07-15,transfer,31866.55,completed,
TX01177,AC0253,2024-10-01,transfer,26983.49,completed,
TX01178,AC0216,2024-10-22,payment,29090.1,completed,Filmhouse
TX01179,AC0002,2024-01-09,payment,11836.13,completed,DSTV
TX01180,AC0057,2024-06-27,deposit,6766.27,completed,
TX01181,AC0072,2024-08-23,transfer,43351.95,completed,
TX01182,AC0216,2024-04-17,payment,27619.87,completed,Shoprite
TX01183,AC0074,2024-01-14,payment,5950.07,completed,Filmhouse
TX01184,AC0340,2024-02-07,transfer,35099.95,failed,
TX01185,AC0016,2024-07-06,deposit,43536.8,completed,
TX01186,AC0292,2024-03-17,payment,3945.56,completed,Uber
TX01187,AC0154,2024-07-29,deposit,37430.55,completed,
TX01188,AC0007,2024-02-26,transfer,32277.87,completed,
TX01189,AC0310,2024-09-14,payment,32158.47,completed,Uber
TX01190,AC0233,2024-12-30,payment,21238.68,completed,MTN Airtime
TX01191,AC0217,2024-05-19,withdrawal,35496.71,completed,
TX01192,AC0065,2024-07-24,payment,48898.52,completed,Konga
TX01193,AC0287,2024-02-09,payment,9266.32,failed,Filmhouse
TX01194,AC0208,2024-03-25,deposit,32669.73,completed,
TX01195,AC0100,2024-02-25,payment,32367.7,completed,Netflix
TX01196,AC0172,2024-05-02,payment,38961.98,completed,MTN Airtime
TX01197,AC0306,2024-06-07,payment,3359.43,completed,Shoprite
TX01198,AC0124,2024-02-13,deposit,46467.18,completed,
TX01199,AC0248,2024-01-25,withdrawal,28230.59,completed,
TX01200,AC0183,2024-07-22,transfer,15499.38,completed,
TX01201,AC0183,2024-12-25,deposit,37616.93,completed,
TX01202,AC0258,2024-09-14,payment,44835.91,completed,Uber
TX01203,AC0301,2024-05-28,payment,19167.38,completed,Uber
TX01204,AC0321,2024-04-28,payment,4029.77,completed,Shoprite
TX01205,AC0257,2024-11-07,payment,8136.25,completed,Chicken Republic
TX01206,AC0068,2024-05-28,deposit,17136.62,completed,
TX01207,AC0021,2024-05-02,transfer,47013.04,completed,
TX01208,AC0079,2024-11-17,payment,30383.16,failed,Bolt
TX01209,AC0159,2024-02-14,payment,7216.86,completed,Bolt
TX01210,AC0152,2024-02-04,payment,8568.91,completed,MTN Airtime
TX01211,AC0092,2024-05-12,withdrawal,4552.54,completed,
TX01212,AC0227,2024-03-04,deposit,38181.0,completed,
TX01213,AC0147,2024-07-28,withdrawal,18237.26,completed,
TX01214,AC0188,2024-11-15,withdrawal,6536.31,completed,
TX01215,AC0260,2024-05-14,transfer,34141.82,completed,
TX01216,AC0126,2024-01-05,payment,32228.95,completed,Uber
TX01217,AC0205,2024-04-24,payment,7994.47,completed,Amazon
TX01218,AC0240,2024-08-26,deposit,17512.0,completed,
TX01219,AC0204,2024-04-12,payment,36615.73,completed,Amazon
TX01220,AC0310,2024-04-18,transfer,17186.93,completed,
TX01221,AC0280,2024-08-28,deposit,22783.47,completed,
TX01222,AC0017,2024-07-13,payment,16077.31,failed,Jumia
TX01223,AC0110,2024-04-18,transfer,48930.19,completed,
TX01224,AC0139,2024-11-21,payment,34215.2,completed,Uber
TX01225,AC0042,2024-12-30,payment,13767.88,completed,Bolt
TX01226,AC0133,2024-01-28,transfer,33515.26,completed,
TX01227,AC0153,2024-04-11,payment,21483.86,completed,DSTV
TX01228,AC0083,2024-06-30,transfer,26821.76,completed,
TX01229,AC0306,2024-02-09,withdrawal,595.58,completed,
TX01230,AC0163,2024-03-18,withdrawal,16254.26,completed,
TX01231,AC0163,2024-12-11,deposit,25022.34,completed,
TX01232,AC0231,2024-11-20,transfer,36142.07,completed,
TX01233,AC0019,2024-04-06,deposit,28961.01,completed,
TX01234,AC0308,2024-04-20,transfer,38741.78,completed,
TX01235,AC0348,2024-01-08,transfer,9638.83,failed,
TX01236,AC0158,2024-03-04,transfer,907.94,completed,
TX01237,AC0211,2024-06-29,deposit,22854.27,completed,
TX01238,AC0172,2024-03-31,deposit,48706.1,completed,
TX01239,AC0305,2024-10-04,deposit,8927.07,completed,
TX01240,AC0349,2024-11-20,transfer,42270.07,completed,
TX01241,AC0051,2024-02-23,transfer,46901.29,completed,
TX01242,AC0211,2024-09-11,payment,30851.39,completed,Filmhouse
TX01243,AC0228,2024-10-24,withdrawal,5075.13,completed,
TX01244,AC0109,2024-08-20,payment,42600.09,completed,Spotify
TX01245,AC0064,2024-08-25,transfer,42831.5,completed,
TX01246,AC0203,2024-07-10,transfer,32278.48,completed,
TX01247,AC0338,2024-06-06,payment,13453.7,completed,Amazon
TX01248,AC0217,2024-01-14,payment,836341.34,completed,Uber
TX01249,AC0308,2024-06-20,transfer,25996.27,completed,
TX01250,AC0124,2024-07-19,payment,49642.17,completed,Shoprite
TX01251,AC0296,2024-03-06,withdrawal,41444.64,completed,
TX01252,AC0163,2024-03-22,transfer,8768.49,completed,
TX01253,AC0065,2024-03-01,transfer,35530.24,completed,
TX01254,AC0322,2024-10-10,withdrawal,42167.23,completed,
TX01255,AC0048,2024-08-11,payment,10267.75,completed,Jumia
TX01256,AC0279,2024-10-19,withdrawal,30943.17,completed,
TX01257,AC0233,2024-04-05,transfer,36735.04,completed,
TX01258,AC0100,2024-05-05,payment,11165.59,completed,Filmhouse
TX01259,AC0141,2024-03-14,transfer,32996.96,completed,
TX01260,AC0053,2024-08-23,payment,29009.79,completed,Konga
TX01261,AC0093,2024-02-09,payment,14194.91,completed,Bolt
TX01262,AC0052,2024-01-12,transfer,10477.83,completed,
TX01263,AC0040,2024-12-17,transfer,47964.94,completed,
TX01264,AC0231,2024-04-02,transfer,15747.89,completed,
TX01265,AC0275,2024-01-17,transfer,325073.95,failed,
TX01266,AC0248,2024-11-03,payment,49687.6,failed,Spotify
TX01267,AC0063,2024-11-06,payment,37110.67,completed,Jumia
TX01268,AC0079,2024-07-05,deposit,25636.06,completed,
TX01269,AC0071,2024-02-12,payment,1571.93,completed,Filmhouse
TX01270,AC0048,2024-12-28,payment,24130.59,completed,Spotify
TX01271,AC0224,2024-07-23,transfer,40469.69,completed,
TX01272,AC0144,2024-02-22,payment,9974.03,completed,Konga
TX01273,AC0250,2024-08-16,withdrawal,39725.57,completed,
TX01274,AC0164,2024-02-25,transfer,13656.53,failed,
TX01275,AC0181,2024-11-19,withdrawal,10066.07,completed,
TX01276,AC0262,2024-10-27,payment,44483.54,completed,Amazon
TX01277,AC0272,2024-07-22,transfer,43874.88,completed,
TX01278,AC0220,2024-07-02,payment,40471.12,completed,Shoprite
TX01279,AC0075,2024-03-03,payment,18645.85,completed,Jumia
TX01280,AC0110,2024-10-17,transfer,35868.45,completed,
TX01281,AC0198,2024-11-04,transfer,28125.87,completed,
TX01282,AC0143,2024-12-09,payment,5235.72,failed,Netflix
TX01283,AC0223,2024-06-12,withdrawal,21145.33,completed,
TX01284,AC0256,2024-05-20,payment,40155.99,completed,Amazon
TX01285,AC0168,2024-07-15,payment,8639.87,failed,Shoprite
TX01286,AC0295,2024-08-24,withdrawal,990.03,completed,
TX01287,AC0019,2024-09-27,transfer,48345.99,completed,
TX01288,AC0241,2024-07-31,payment,911.99,completed,Filmhouse
TX01289,AC0205,2024-10-11,transfer,37709.24,completed,
TX01290,AC0153,2024-09-09,transfer,2448.93,completed,
TX01291,AC0053,2024-04-24,payment,46891.42,completed,Jumia
TX01292,AC0224,2024-03-28,payment,49677.66,completed,Netflix
TX01293,AC0276,2024-12-18,payment,40632.87,completed,Jumia
TX01294,AC0025,2024-02-08,transfer,2249.5,completed,
TX01295,AC0195,2024-12-23,transfer,30676.26,completed,
TX01296,AC0062,2024-06-12,payment,29214.31,completed,Uber
TX01297,AC0212,2024-12-08,withdrawal,48295.23,completed,
TX01298,AC0245,2024-05-23,payment,12102.12,completed,DSTV
TX01299,AC0152,2024-06-29,deposit,13264.22,completed,
TX01300,AC0332,2024-12-21,deposit,12194.58,completed,
TX01301,AC0109,2024-12-09,payment,24780.83,completed,Shoprite
TX01302,AC0054,2024-04-16,deposit,9477.08,completed,
TX01303,AC0161,2024-12-28,withdrawal,25744.97,completed,
TX01304,AC0055,2024-04-22,deposit,42405.57,completed,
TX01305,AC0318,2024-04-13,transfer,22676.35,completed,
TX01306,AC0085,2024-10-22,transfer,13964.14,completed,
TX01307,AC0057,2024-01-09,payment,43822.19,completed,Bolt
TX01308,AC0272,2024-06-29,payment,23864.4,completed,MTN Airtime
TX01309,AC0221,2024-03-18,payment,4294.93,completed,Amazon
TX01310,AC0226,2024-07-08,deposit,16753.6,completed,
TX01311,AC0217,2024-05-30,payment,19187.87,completed,Shoprite
TX01312,AC0312,2024-09-22,transfer,13868.69,completed,
TX01313,AC0128,2024-04-22,transfer,2588.59,completed,
TX01314,AC0137,2024-02-03,payment,1880.83,completed,Spotify
TX01315,AC0208,2024-07-20,payment,44141.75,completed,Netflix
TX01316,AC0138,2024-04-15,payment,43988.43,completed,Uber
TX01317,AC0306,2024-01-02,payment,14470.83,completed,Netflix
TX01318,AC0245,2024-12-18,payment,35053.51,completed,Shoprite
TX01319,AC0096,2024-08-21,payment,3565.79,completed,Uber
TX01320,AC0011,2024-05-15,payment,21453.34,completed,Netflix
TX01321,AC0305,2024-08-30,payment,42669.17,completed,Konga
TX01322,AC0057,2024-01-09,payment,12450.77,completed,Konga
TX01323,AC0086,2024-02-18,transfer,26310.93,completed,
TX01324,AC0232,2024-06-28,payment,36835.7,completed,Spotify
TX01325,AC0235,2024-06-29,transfer,12751.49,completed,
TX01326,AC0340,2024-09-04,transfer,44579.48,failed,
TX01327,AC0328,2024-03-16,payment,26013.51,completed,Amazon
TX01328,AC0255,2024-05-05,payment,7167.49,completed,Konga
TX01329,AC0100,2024-11-23,transfer,37243.82,completed,
TX01330,AC0348,2024-08-18,payment,43869.49,completed,Spotify
TX01331,AC0170,2024-10-28,payment,33985.41,completed,Amazon
TX01332,AC0267,2024-11-09,transfer,2150.89,completed,
TX01333,AC0178,2024-02-26,payment,22805.88,completed,Jumia
TX01334,AC0349,2024-09-24,deposit,7441.84,completed,
TX01335,AC0156,2024-05-27,transfer,33249.58,completed,
TX01336,AC0021,2024-05-24,payment,878.06,completed,Konga
TX01337,AC0221,2024-12-04,payment,15360.49,completed,Jumia
TX01338,AC0146,2024-12-06,payment,17575.89,completed,Spotify
TX01339,AC0074,2024-08-09,payment,35688.54,completed,Konga
TX01340,AC0182,2024-12-13,payment,1703.62,completed,Chicken Republic
TX01341,AC0051,2024-06-03,transfer,48348.65,completed,
TX01342,AC0348,2024-10-23,withdrawal,28238.99,completed,
TX01343,AC0070,2024-10-10,payment,10055.38,completed,Shoprite
TX01344,AC0322,2024-10-06,transfer,14936.97,completed,
TX01345,AC0224,2024-03-11,payment,43808.48,completed,Spotify
TX01346,AC0184,2024-06-30,deposit,25240.38,completed,
TX01347,AC0237,2024-10-13,transfer,48076.2,completed,
TX01348,AC0072,2024-06-03,payment,21103.84,failed,Shoprite
TX01349,AC0279,2024-05-30,withdrawal,6451.02,failed,
TX01350,AC0207,2024-08-24,payment,19693.7,completed,Spotify
TX01351,AC0139,2024-06-19,deposit,4324.49,completed,
TX01352,AC0247,2024-02-01,withdrawal,14599.79,completed,
TX01353,AC0028,2024-09-21,payment,33753.21,completed,Uber
TX01354,AC0115,2024-06-03,deposit,24815.7,completed,
TX01355,AC0249,2024-12-18,transfer,46832.91,failed,
TX01356,AC0310,2024-09-23,payment,101.78,completed,Netflix
TX01357,AC0259,2024-07-19,payment,23739.75,completed,Jumia
TX01358,AC0095,2024-10-06,payment,24237.6,completed,MTN Airtime
TX01359,AC0316,2024-08-09,withdrawal,42979.76,completed,
TX01360,AC0337,2024-03-28,payment,9321.91,completed,Spotify
TX01361,AC0149,2024-10-28,deposit,24075.28,completed,
TX01362,AC0198,2024-08-25,deposit,13831.55,completed,
TX01363,AC0146,2024-03-02,transfer,7493.51,completed,
TX01364,AC0018,2024-08-15,withdrawal,29068.85,failed,
TX01365,AC0072,2024-08-22,payment,17800.87,completed,MTN Airtime
TX01366,AC0258,2024-06-27,payment,17951.61,completed,Filmhouse
TX01367,AC0336,2024-06-29,deposit,3232.01,completed,
TX01368,AC0072,2024-12-03,withdrawal,35787.6,completed,
TX01369,AC0331,2024-07-11,transfer,3503.68,completed,
TX01370,AC0260,2024-05-12,deposit,9100.69,completed,
TX01371,AC0298,2024-10-26,payment,29483.72,completed,Konga
TX01372,AC0082,2024-02-19,transfer,1573.14,completed,
TX01373,AC0166,2024-05-01,payment,33998.18,completed,Netflix
TX01374,AC0216,2024-02-01,payment,19265.76,completed,Konga
TX01375,AC0038,2024-07-10,transfer,42355.41,completed,
TX01376,AC0090,2024-02-25,withdrawal,1570.03,completed,
TX01377,AC0294,2024-04-12,deposit,49444.66,completed,
TX01378,AC0147,2024-04-13,payment,21931.99,completed,Filmhouse
TX01379,AC0099,2024-10-25,payment,26473.62,completed,Jumia
TX01380,AC0003,2024-07-27,payment,40519.44,completed,Konga
TX01381,AC0350,2024-09-11,deposit,17101.49,completed,
TX01382,AC0243,2024-06-29,payment,28561.47,completed,DSTV
TX01383,AC0035,2024-08-06,withdrawal,42685.74,completed,
TX01384,AC0066,2024-06-01,transfer,28500.71,completed,
TX01385,AC0308,2024-06-18,payment,11605.62,completed,Jumia
TX01386,AC0129,2024-12-26,payment,14565.83,completed,DSTV
TX01387,AC0148,2024-09-30,payment,7977.36,completed,Konga
TX01388,AC0257,2024-07-23,payment,46597.27,completed,Konga
TX01389,AC0299,2024-05-14,payment,44601.24,completed,Chicken Republic
TX01390,AC0103,2024-01-31,payment,21128.14,completed,Uber
TX01391,AC0340,2024-04-30,payment,36720.25,completed,Bolt
TX01392,AC0313,2024-06-26,payment,28236.42,completed,Netflix
TX01393,AC0042,2024-09-02,transfer,30660.39,completed,
TX01394,AC0019,2024-09-16,payment,2182.87,completed,Shoprite
TX01395,AC0117,2024-01-29,transfer,15240.58,completed,
TX01396,AC0274,2024-07-13,payment,40587.02,failed,Chicken Republic
TX01397,AC0194,2024-08-08,payment,2701.81,completed,Filmhouse
TX01398,AC0061,2024-07-07,transfer,5867.6,failed,
TX01399,AC0030,2024-04-28,transfer,21882.59,completed,
TX01400,AC0275,2024-01-24,payment,11433.58,failed,Jumia
TX01401,AC0065,2024-04-02,payment,3922.92,completed,MTN Airtime
TX01402,AC0126,2024-03-07,payment,30160.56,completed,Konga
TX01403,AC0040,2024-05-08,transfer,6206.58,completed,
TX01404,AC0183,2024-08-15,deposit,35292.23,completed,
TX01405,AC0150,2024-09-26,transfer,39032.4,completed,
TX01406,AC0054,2024-06-26,transfer,27116.82,completed,
TX01407,AC0144,2024-04-14,transfer,31131.4,completed,
TX01408,AC0157,2024-04-17,payment,26097.65,completed,Netflix
TX01409,AC0019,2024-12-23,transfer,39418.21,completed,
TX01410,AC0059,2024-09-12,deposit,22742.77,completed,
TX01411,AC0154,2024-01-31,payment,29453.18,completed,MTN Airtime
TX01412,AC0196,2024-08-15,withdrawal,1040.54,completed,
TX01413,AC0338,2024-09-29,payment,19028.42,completed,Jumia
TX01414,AC0014,2024-06-21,transfer,38173.52,failed,
TX01415,AC0015,2024-11-14,transfer,29588.84,completed,
TX01416,AC0030,2024-10-10,transfer,39152.37,completed,
TX01417,AC0148,2024-08-25,transfer,46630.39,completed,
TX01418,AC0266,2024-03-24,transfer,28458.32,completed,
TX01419,AC0122,2024-01-08,transfer,49631.39,completed,
TX01420,AC0044,2024-10-04,transfer,47553.26,completed,
TX01421,AC0316,2024-07-04,transfer,19790.6,completed,
TX01422,AC0312,2024-03-04,transfer,39143.07,completed,
TX01423,AC0136,2024-08-15,transfer,16117.37,completed,
TX01424,AC0217,2024-09-02,deposit,206209.49,completed,
TX01425,AC0041,2024-11-08,deposit,3023.38,completed,
TX01426,AC0093,2024-05-21,deposit,3295.77,completed,
TX01427,AC0323,2024-03-16,transfer,6448.4,completed,
TX01428,AC0336,2024-04-04,withdrawal,11710.36,completed,
TX01429,AC0022,2024-04-26,deposit,29036.55,completed,
TX01430,AC0132,2024-12-13,payment,49599.36,completed,DSTV
TX01431,AC0180,2024-02-09,deposit,30068.88,completed,
TX01432,AC0122,2024-06-15,deposit,25600.67,completed,
TX01433,AC0213,2024-11-24,withdrawal,41152.38,completed,
TX01434,AC0168,2024-07-03,transfer,7239.67,failed,
TX01435,AC0192,2024-05-30,transfer,44879.87,completed,
TX01436,AC0149,2024-10-29,withdrawal,18478.27,completed,
TX01437,AC0161,2024-09-17,payment,10652.83,completed,Konga
TX01438,AC0299,2024-12-02,transfer,19004.1,completed,
TX01439,AC0041,2024-04-24,payment,49891.26,completed,Konga
TX01440,AC0215,2024-03-03,deposit,31553.19,completed,
TX01441,AC0338,2024-09-23,deposit,30394.39,completed,
TX01442,AC0295,2024-05-04,deposit,9831.68,completed,
TX01443,AC0186,2024-08-21,transfer,38405.41,completed,
TX01444,AC0124,2024-07-28,transfer,5859.3,completed,
TX01445,AC0040,2024-11-30,transfer,28066.81,completed,
TX01446,AC0215,2024-10-18,deposit,22503.5,completed,
TX01447,AC0209,2024-12-06,payment,12322.7,failed,Uber
TX01448,AC0161,2024-02-11,withdrawal,14415.57,completed,
TX01449,AC0295,2024-11-19,transfer,49164.06,completed,
TX01450,AC0008,2024-03-02,payment,43832.64,completed,Amazon
TX01451,AC0241,2024-03-05,transfer,35597.96,completed,
TX01452,AC0086,2024-03-08,payment,1294.18,completed,Spotify
TX01453,AC0182,2024-07-24,deposit,45222.59,completed,
TX01454,AC0173,2024-10-29,deposit,14740.26,completed,
TX01455,AC0024,2024-06-30,withdrawal,49707.29,completed,
TX01456,AC0224,2024-09-01,deposit,31578.52,completed,
TX01457,AC0302,2024-02-12,payment,36213.0,completed,Uber
TX01458,AC0333,2024-07-13,payment,18556.71,completed,DSTV
TX01459,AC0144,2024-04-28,deposit,36154.41,completed,
TX01460,AC0266,2024-10-23,transfer,2509.57,completed,
TX01461,AC0166,2024-06-12,deposit,21391.81,completed,
TX01462,AC0108,2024-09-22,payment,2192.53,completed,MTN Airtime
TX01463,AC0178,2024-03-25,withdrawal,15786.93,completed,
TX01464,AC0115,2024-05-27,payment,24383.12,completed,MTN Airtime
TX01465,AC0342,2024-03-13,withdrawal,46233.34,completed,
TX01466,AC0087,2024-11-02,payment,41955.62,completed,Jumia
TX01467,AC0251,2024-07-08,deposit,9837.12,completed,
TX01468,AC0219,2024-09-23,payment,47399.2,completed,Uber
TX01469,AC0062,2024-08-09,deposit,5569.78,completed,
TX01470,AC0143,2024-06-30,deposit,43238.69,completed,
TX01471,AC0039,2024-03-21,payment,11199.84,completed,Spotify
TX01472,AC0263,2024-12-27,transfer,31568.13,completed,
TX01473,AC0052,2024-06-11,transfer,2014.01,completed,
TX01474,AC0321,2024-11-20,payment,33090.41,completed,Chicken Republic
TX01475,AC0113,2024-05-15,payment,29358.53,completed,Bolt
TX01476,AC0255,2024-03-08,payment,9436.53,completed,Shoprite
TX01477,AC0110,2024-08-10,payment,42872.12,completed,Netflix
TX01478,AC0092,2024-08-02,deposit,10506.49,completed,
TX01479,AC0121,2024-09-04,transfer,31588.22,completed,
TX01480,AC0154,2024-05-29,deposit,9085.21,completed,
TX01481,AC0307,2024-10-05,deposit,31538.37,completed,
TX01482,AC0148,2024-08-16,deposit,11024.63,completed,
TX01483,AC0091,2024-06-12,transfer,21300.78,completed,
TX01484,AC0066,2024-09-07,payment,19964.66,completed,Konga
TX01485,AC0138,2024-04-20,transfer,1545.23,completed,
TX01486,AC0134,2024-07-29,transfer,38612.75,completed,
TX01487,AC0134,2024-05-17,transfer,21317.44,completed,
TX01488,AC0024,2024-08-17,deposit,17058.09,completed,
TX01489,AC0275,2024-11-16,transfer,43793.54,completed,
TX01490,AC0169,2024-11-05,payment,30703.87,completed,Spotify
TX01491,AC0195,2024-12-26,payment,1153.77,completed,DSTV
TX01492,AC0336,2024-09-22,transfer,27689.42,completed,
TX01493,AC0081,2024-07-21,payment,10002.15,completed,Filmhouse
TX01494,AC0192,2024-07-30,payment,8154.07,completed,Shoprite
TX01495,AC0019,2024-09-26,deposit,47006.69,completed,
TX01496,AC0022,2024-05-24,payment,39588.04,completed,MTN Airtime
TX01497,AC0127,2024-05-19,payment,38643.34,completed,Filmhouse
TX01498,AC0206,2024-05-18,payment,18955.05,completed,Netflix
TX01499,AC0213,2024-01-08,payment,36133.43,completed,Filmhouse
TX01500,AC0302,2024-04-09,deposit,7677.19,completed,
