payment_id,citizen_id,program,amount,month,status
WP01008,CZ00371,Elderly Support,30000,2024-08,Paid
WP00877,CZ00961,Elderly Support,30000,2024-06,Paid
WP00360,CZ00155,Cash Transfer,20000,2024-04,Paid
WP00264,CZ00179,Cash Transfer,20000,2024-02,Paid
WP00659,CZ02723,Elderly Support,30000,2024-06,Paid
WP00240,CZ02632,Cash Transfer,20000,2024-03,Paid
WP00664,CZ01240,Disability Support,25000,2024-06,Paid
WP00654,CZ00757,Cash Transfer,20500,2024-05,Paid
WP00420,CZ00091,Cash Transfer,20000,2024-04,Paid
WP00651,CZ01323,Elderly Support,30000,2024-05,Paid
WP00539,CZ01055,Disability Support,25000,2024-06,Paid
WP00646,CZ02367,Elderly Support,30000,2024-09,Paid
WP00558,CZ02628,Cash Transfer,20000,2024-10,Paid
WP01389,CZ02098,Food Support,15000,2024-10,Paid
WP00086,CZ01819,Disability Support,25000,2024-05,Paid
WP00354,CZ00132,Food Support,15000,2024-06,Paid
WP00441,CZ02196,Disability Support,25000,2024-09,Paid
WP00647,CZ02367,Elderly Support,30000,2024-02,Paid
WP00971,CZ01715,Disability Support,25500,2024-11,Paid
WP01357,CZ00276,Elderly Support,30000,2024-04,Paid
WP01101,CZ02743,Elderly Support,31000,2024-03,Paid
WP00562,CZ01048,Food Support,15500,2024-02,Paid
WP00532,CZ02696,Elderly Support,30000,2024-07,Paid
WP00580,CZ00952,Disability Support,25000,2024-06,Paid
WP00199,CZ01368,Food Support,15000,2024-02,Paid
WP00746,CZ00272,Food Support,15000,2024-01,Paid
WP00172,CZ00865,Cash Transfer,21000,2024-01,Paid
WP00524,CZ02785,Elderly Support,30000,2024-05,Paid
WP00949,CZ01452,Disability Support,26000,2024-10,Paid
WP00882,CZ00868,Elderly Support,30500,2024-09,Paid
WP00266,CZ00179,Cash Transfer,20500,2024-03,Paid
WP01350,CZ01232,Disability Support,25000,2024-03,Paid
WP01216,CZ00817,Disability Support,25000,2024-05,Paid
WP01408,CZ01787,Elderly Support,31000,2024-08,Paid
WP00841,CZ02746,Elderly Support,31000,2024-12,Paid
WP00676,CZ02237,Food Support,15000,2024-04,Paid
WP00341,CZ00128,Food Support,15500,2024-11,Paid
WP00327,CZ01224,Disability Support,25000,2024-09,Paid
WP00801,CZ01646,Elderly Support,30000,2024-03,Paid
WP00912,CZ00259,Food Support,16000,2024-05,Paid
WP01211,CZ02527,Food Support,15000,2024-10,Paid
WP00013,CZ01086,Food Support,15000,2024-07,Paid
WP00280,CZ02076,Disability Support,25000,2024-05,Paid
WP00389,CZ02855,Elderly Support,30000,2024-02,Paid
WP01425,CZ00822,Elderly Support,30000,2024-04,Paid
WP01327,CZ01501,Cash Transfer,20000,2024-05,Paid
WP00919,CZ01794,Cash Transfer,20000,2024-02,Paid
WP00140,CZ00456,Disability Support,25000,2024-12,Paid
WP01081,CZ00618,Disability Support,25500,2024-02,Paid
WP00469,CZ01753,Disability Support,25500,2024-01,Paid
WP00683,CZ00791,Disability Support,25000,2024-11,Paid
WP00813,CZ01871,Cash Transfer,21000,2024-04,Paid
WP00782,CZ02506,Elderly Support,31000,2024-01,Paid
WP00925,CZ01231,Elderly Support,30000,2024-04,Paid
WP00075,CZ00854,Food Support,15500,2024-05,Paid
WP00955,CZ02335,Cash Transfer,20000,2024-09,Paid
WP00378,CZ02291,Elderly Support,30000,2024-09,Paid
WP00572,CZ02726,Disability Support,25000,2024-01,Paid
WP00868,CZ02573,Disability Support,25000,2024-11,Paid
WP00795,CZ00153,Elderly Support,30000,2024-01,Paid
WP01036,CZ02468,Cash Transfer,21000,2024-07,Paid
WP00384,CZ02108,Disability Support,26000,2024-10,Paid
WP00309,CZ00215,Disability Support,25500,2024-05,Paid
WP00141,CZ00456,Disability Support,26000,2024-04,Paid
WP01238,CZ02210,Elderly Support,30000,2024-11,Paid
WP00663,CZ01240,Disability Support,25000,2024-02,Paid
WP00386,CZ02108,Disability Support,26000,2024-12,Paid
WP00693,CZ02542,Cash Transfer,20500,2024-09,Paid
WP00723,CZ00399,Food Support,15500,2024-09,Paid
WP01170,CZ00790,Cash Transfer,20000,2024-07,Paid
WP00979,CZ01167,Elderly Support,30000,2024-04,Paid
WP00517,CZ00655,Food Support,15500,2024-03,Paid
WP00750,CZ01160,Disability Support,25500,2024-04,Paid
WP00944,CZ01487,Elderly Support,30000,2024-05,Paid
WP00927,CZ01231,Elderly Support,30000,2024-10,Paid
WP00092,CZ00725,Elderly Support,30000,2024-10,Paid
WP00910,CZ02067,Food Support,15000,2024-03,Paid
WP00385,CZ02108,Disability Support,25000,2024-08,Paid
WP01324,CZ01016,Disability Support,25000,2024-12,Paid
WP00176,CZ01065,Cash Transfer,20500,2024-11,Paid
WP00217,CZ02194,Cash Transfer,20000,2024-09,Paid
WP00718,CZ02339,Elderly Support,30000,2024-01,Paid
WP00797,CZ00153,Elderly Support,30000,2024-05,Paid
WP00593,CZ01059,Elderly Support,30000,2024-11,Paid
WP01310,CZ02147,Food Support,16000,2024-01,Paid
WP01082,CZ01533,Disability Support,25000,2024-09,Paid
WP00120,CZ00819,Food Support,15000,2024-11,Paid
WP00700,CZ02211,Disability Support,25500,2024-12,Paid
WP00444,CZ01512,Elderly Support,30000,2024-01,Paid
WP01077,CZ00618,Disability Support,25000,2024-04,Paid
WP00710,CZ00825,Elderly Support,31000,2024-05,Paid
WP01422,CZ01105,Disability Support,25500,2024-03,Paid
WP01150,CZ02052,Cash Transfer,21000,2024-05,Paid
WP00756,CZ01160,Disability Support,25000,2024-03,Paid
WP00662,CZ01240,Disability Support,25500,2024-03,Paid
WP00901,CZ00159,Food Support,15000,2024-05,Paid
WP00163,CZ01810,Cash Transfer,20000,2024-05,Paid
WP00794,CZ00153,Elderly Support,30000,2024-03,Paid
WP01193,CZ02192,Elderly Support,30000,2024-12,Paid
WP00861,CZ01936,Cash Transfer,21000,2024-09,Paid
WP01244,CZ00727,Disability Support,25000,2024-02,Paid
WP00886,CZ02611,Cash Transfer,21000,2024-07,Paid
WP01204,CZ02614,Elderly Support,30000,2024-06,Paid
WP00198,CZ00392,Disability Support,25500,2024-01,Paid
WP01331,CZ00412,Disability Support,26000,2024-12,Paid
WP00827,CZ00417,Elderly Support,30000,2024-09,Paid
WP00939,CZ01487,Elderly Support,30000,2024-12,Paid
WP00073,CZ01550,Elderly Support,30000,2024-02,Paid
WP01057,CZ02526,Disability Support,25000,2024-10,Paid
WP00581,CZ00832,Disability Support,26000,2024-05,Paid
WP01007,CZ00124,Disability Support,26000,2024-04,Paid
WP01113,CZ01919,Food Support,15000,2024-10,Paid
WP00550,CZ02445,Food Support,16000,2024-06,Paid
WP00576,CZ02726,Disability Support,25000,2024-05,Paid
WP00711,CZ00825,Elderly Support,31000,2024-01,Paid
WP01019,CZ02131,Disability Support,26000,2024-02,Paid
WP00468,CZ01753,Disability Support,25000,2024-11,Paid
WP00459,CZ01087,Food Support,16000,2024-10,Paid
WP00036,CZ00559,Food Support,16000,2024-07,Paid
WP01301,CZ02123,Elderly Support,30500,2024-11,Paid
WP01027,CZ01103,Disability Support,25000,2024-09,Paid
WP00942,CZ01487,Elderly Support,31000,2024-04,Paid
WP01424,CZ02389,Cash Transfer,20500,2024-11,Paid
WP00956,CZ02684,Cash Transfer,20500,2024-12,Paid
WP00165,CZ02462,Food Support,16000,2024-08,Paid
WP00279,CZ02076,Disability Support,26000,2024-11,Paid
WP00891,CZ02216,Disability Support,25500,2024-06,Paid
WP00672,CZ01556,Cash Transfer,20000,2024-08,Paid
WP00135,CZ02389,Cash Transfer,20000,2024-05,Paid
WP01224,CZ02706,Food Support,15000,2024-02,Paid
WP00195,CZ00392,Disability Support,25000,2024-10,Paid
WP01140,CZ00560,Cash Transfer,20000,2024-03,Paid
WP01127,CZ00021,Food Support,15000,2024-08,Paid
WP00785,CZ01193,Cash Transfer,20000,2024-10,Paid
WP01315,CZ02147,Food Support,15000,2024-07,Paid
WP00849,CZ02145,Disability Support,25500,2024-10,Paid
WP00334,CZ00080,Elderly Support,30000,2024-05,Paid
WP00969,CZ01715,Disability Support,25000,2024-07,Paid
WP01072,CZ01813,Cash Transfer,20000,2024-04,Paid
WP00964,CZ00723,Elderly Support,31000,2024-07,Paid
WP00263,CZ01763,Food Support,15000,2024-07,Paid
WP00448,CZ01189,Cash Transfer,20000,2024-02,Paid
WP00519,CZ00655,Food Support,15000,2024-12,Paid
WP00531,CZ02696,Elderly Support,30000,2024-09,Paid
WP00241,CZ02632,Cash Transfer,20000,2024-06,Paid
WP00529,CZ02302,Cash Transfer,20000,2024-06,Paid
WP01375,CZ02225,Disability Support,25000,2024-04,Paid
WP01188,CZ02977,Elderly Support,30000,2024-10,Paid
WP00393,CZ01480,Cash Transfer,20000,2024-02,Paid
WP00715,CZ00136,Cash Transfer,21000,2024-10,Paid
WP00879,CZ00961,Elderly Support,30500,2024-11,Paid
WP01194,CZ02192,Elderly Support,30000,2024-11,Paid
WP01247,CZ00461,Elderly Support,30000,2024-04,Paid
WP00567,CZ02673,Elderly Support,30000,2024-09,Paid
WP00755,CZ01160,Disability Support,25000,2024-05,Paid
WP01345,CZ00972,Food Support,15500,2024-01,Paid
WP00231,CZ02833,Cash Transfer,20000,2024-11,Paid
WP00305,CZ00395,Disability Support,25500,2024-04,Paid
WP01016,CZ02593,Disability Support,25000,2024-03,Paid
WP01039,CZ02468,Cash Transfer,20500,2024-02,Paid
WP00262,CZ01763,Food Support,15000,2024-04,Paid
WP00688,CZ00791,Disability Support,26000,2024-07,Paid
WP01058,CZ02526,Disability Support,25000,2024-06,Paid
WP01407,CZ01715,Disability Support,25000,2024-07,Paid
WP00903,CZ00159,Food Support,15000,2024-07,Paid
WP00748,CZ00272,Food Support,15000,2024-09,Paid
WP00104,CZ02244,Elderly Support,30000,2024-06,Paid
WP01114,CZ01919,Food Support,15000,2024-07,Paid
WP01352,CZ02532,Food Support,15000,2024-09,Paid
WP00355,CZ00132,Food Support,15000,2024-08,Paid
WP01234,CZ01516,Disability Support,25500,2024-11,Paid
WP00320,CZ02837,Cash Transfer,20000,2024-06,Paid
WP00047,CZ01773,Food Support,16000,2024-05,Paid
WP00930,CZ01231,Elderly Support,31000,2024-12,Paid
WP01274,CZ01142,Disability Support,26000,2024-09,Paid
WP01108,CZ01968,Disability Support,25000,2024-01,Paid
WP00492,CZ00541,Food Support,15500,2024-07,Paid
WP00989,CZ02777,Food Support,16000,2024-08,Paid
WP01100,CZ00162,Cash Transfer,20000,2024-11,Paid
WP00504,CZ01388,Disability Support,25000,2024-05,Paid
WP00667,CZ01556,Cash Transfer,20000,2024-04,Paid
WP00209,CZ00307,Food Support,15000,2024-03,Paid
WP01320,CZ02113,Cash Transfer,20000,2024-07,Paid
WP00995,CZ02777,Food Support,15000,2024-04,Paid
WP00668,CZ01556,Cash Transfer,20000,2024-12,Paid
WP00087,CZ01819,Disability Support,25000,2024-02,Paid
WP00894,CZ02216,Disability Support,25000,2024-11,Paid
WP00483,CZ02913,Elderly Support,30000,2024-01,Paid
WP00643,CZ00828,Disability Support,26000,2024-01,Paid
WP00079,CZ01759,Cash Transfer,20500,2024-05,Paid
WP01283,CZ02375,Disability Support,25000,2024-03,Paid
WP00546,CZ00017,Elderly Support,30000,2024-12,Paid
WP00582,CZ00832,Disability Support,25000,2024-07,Paid
WP00865,CZ02573,Disability Support,26000,2024-07,Paid
WP00566,CZ01048,Food Support,15000,2024-05,Paid
WP00258,CZ01763,Food Support,15000,2024-02,Paid
WP00223,CZ01135,Food Support,15000,2024-03,Paid
WP01300,CZ02123,Elderly Support,31000,2024-06,Paid
WP00340,CZ00080,Elderly Support,30000,2024-11,Paid
WP00068,CZ01550,Elderly Support,30000,2024-01,Paid
WP00829,CZ00417,Elderly Support,30000,2024-01,Paid
WP00638,CZ00183,Cash Transfer,20500,2024-03,Paid
WP01286,CZ00603,Elderly Support,30000,2024-03,Paid
WP01183,CZ01202,Food Support,15000,2024-10,Paid
WP00614,CZ01805,Food Support,15000,2024-09,Paid
WP00196,CZ00392,Disability Support,25000,2024-08,Paid
WP00991,CZ02777,Food Support,15500,2024-10,Paid
WP01070,CZ01813,Cash Transfer,20000,2024-06,Paid
WP00605,CZ02187,Cash Transfer,20000,2024-01,Paid
WP01050,CZ02280,Cash Transfer,21000,2024-01,Paid
WP01395,CZ01775,Disability Support,25000,2024-07,Paid
WP00774,CZ00831,Elderly Support,30000,2024-11,Paid
WP00696,CZ02542,Cash Transfer,20000,2024-04,Paid
WP01362,CZ02163,Disability Support,25000,2024-03,Paid
WP00226,CZ01790,Disability Support,25000,2024-05,Paid
WP01406,CZ00825,Elderly Support,30000,2024-09,Paid
WP01029,CZ00375,Cash Transfer,21000,2024-05,Paid
WP00974,CZ01391,Disability Support,25000,2024-01,Paid
WP00856,CZ01553,Disability Support,26000,2024-04,Paid
WP01086,CZ02981,Disability Support,25500,2024-10,Paid
WP01092,CZ00642,Food Support,15000,2024-01,Paid
WP00368,CZ02523,Food Support,16000,2024-02,Paid
WP00494,CZ00541,Food Support,15000,2024-12,Paid
WP01138,CZ02329,Food Support,15000,2024-09,Paid
WP00083,CZ01759,Cash Transfer,21000,2024-01,Paid
WP00561,CZ01048,Food Support,15000,2024-11,Paid
WP00215,CZ00307,Food Support,15000,2024-09,Paid
WP01376,CZ02824,Disability Support,25000,2024-09,Paid
WP00895,CZ02216,Disability Support,25500,2024-12,Paid
WP01317,CZ02113,Cash Transfer,20500,2024-09,Paid
WP01294,CZ02013,Cash Transfer,20500,2024-08,Paid
WP00612,CZ01805,Food Support,16000,2024-08,Paid
WP00059,CZ01172,Elderly Support,30000,2024-03,Paid
WP01287,CZ00603,Elderly Support,30500,2024-04,Paid
WP00132,CZ02389,Cash Transfer,21000,2024-10,Paid
WP01175,CZ01161,Cash Transfer,21000,2024-12,Paid
WP00516,CZ00655,Food Support,16000,2024-11,Paid
WP00353,CZ00132,Food Support,15000,2024-09,Paid
WP00278,CZ02076,Disability Support,26000,2024-06,Paid
WP01202,CZ02614,Elderly Support,30000,2024-04,Paid
WP00824,CZ01405,Food Support,15000,2024-02,Paid
WP00717,CZ00136,Cash Transfer,21000,2024-09,Paid
WP01003,CZ00124,Disability Support,25000,2024-05,Paid
WP00585,CZ02969,Elderly Support,30000,2024-08,Paid
WP00881,CZ00868,Elderly Support,30000,2024-07,Paid
WP00235,CZ00309,Food Support,15000,2024-12,Paid
WP01314,CZ02147,Food Support,16000,2024-12,Paid
WP00533,CZ02696,Elderly Support,30000,2024-12,Paid
WP00033,CZ00559,Food Support,15000,2024-06,Paid
WP01409,CZ00155,Cash Transfer,20500,2024-02,Paid
WP00680,CZ02237,Food Support,15500,2024-02,Paid
WP00923,CZ01231,Elderly Support,30000,2024-02,Paid
WP00307,CZ00395,Disability Support,25000,2024-03,Paid
WP00588,CZ02969,Elderly Support,30500,2024-11,Paid
WP01333,CZ00412,Disability Support,25000,2024-10,Paid
WP01013,CZ02593,Disability Support,25000,2024-01,Paid
WP01217,CZ00817,Disability Support,26000,2024-03,Paid
WP00906,CZ02067,Food Support,15000,2024-07,Paid
WP01371,CZ01811,Food Support,15000,2024-12,Paid
WP00323,CZ02837,Cash Transfer,21000,2024-10,Paid
WP00632,CZ00650,Cash Transfer,21000,2024-08,Paid
WP01256,CZ00809,Elderly Support,30000,2024-07,Paid
WP00239,CZ02632,Cash Transfer,20500,2024-01,Paid
WP01322,CZ01016,Disability Support,25000,2024-04,Paid
WP00382,CZ02108,Disability Support,25000,2024-01,Paid
WP00563,CZ01048,Food Support,15000,2024-12,Paid
WP01116,CZ01919,Food Support,15000,2024-08,Paid
WP01417,CZ00791,Disability Support,26000,2024-02,Paid
WP00779,CZ00831,Elderly Support,30500,2024-05,Paid
WP00229,CZ02833,Cash Transfer,20000,2024-08,Paid
WP00098,CZ02244,Elderly Support,30000,2024-08,Paid
WP00451,CZ02284,Food Support,15000,2024-09,Paid
WP01090,CZ00642,Food Support,15000,2024-04,Paid
WP00236,CZ00309,Food Support,15500,2024-09,Paid
WP00009,CZ00515,Cash Transfer,20000,2024-01,Paid
WP00014,CZ01086,Food Support,15000,2024-10,Paid
WP01178,CZ01179,Food Support,15000,2024-02,Paid
WP00800,CZ01646,Elderly Support,30000,2024-06,Paid
WP00071,CZ01550,Elderly Support,31000,2024-03,Paid
WP00847,CZ02145,Disability Support,26000,2024-03,Paid
WP01332,CZ00412,Disability Support,25000,2024-11,Paid
WP00489,CZ00541,Food Support,15000,2024-01,Paid
WP00019,CZ01982,Cash Transfer,20500,2024-05,Paid
WP00207,CZ01082,Disability Support,25000,2024-10,Paid
WP00743,CZ00190,Cash Transfer,20000,2024-04,Paid
WP00028,CZ02751,Disability Support,25500,2024-09,Paid
WP01169,CZ00790,Cash Transfer,20000,2024-01,Paid
WP01066,CZ02708,Disability Support,25000,2024-12,Paid
WP01404,CZ02830,Elderly Support,30000,2024-12,Paid
WP00205,CZ01082,Disability Support,25500,2024-08,Paid
WP00244,CZ02807,Cash Transfer,20000,2024-05,Paid
WP00889,CZ02611,Cash Transfer,20500,2024-05,Paid
WP01044,CZ00853,Disability Support,25000,2024-11,Paid
WP00690,CZ02542,Cash Transfer,20000,2024-07,Paid
WP00044,CZ01773,Food Support,15000,2024-12,Paid
WP00726,CZ00399,Food Support,15000,2024-01,Paid
WP00060,CZ01078,Food Support,16000,2024-10,Paid
WP00442,CZ01512,Elderly Support,31000,2024-10,Paid
WP00631,CZ00650,Cash Transfer,20000,2024-02,Paid
WP01369,CZ02234,Food Support,15000,2024-11,Paid
WP00699,CZ02211,Disability Support,26000,2024-08,Paid
WP00191,CZ02952,Elderly Support,30500,2024-04,Paid
WP01045,CZ00853,Disability Support,26000,2024-04,Paid
WP01354,CZ00276,Elderly Support,30000,2024-03,Paid
WP01388,CZ01446,Cash Transfer,20000,2024-01,Paid
WP00609,CZ01805,Food Support,15000,2024-12,Paid
WP00480,CZ02788,Food Support,16000,2024-10,Paid
WP00053,CZ01723,Food Support,16000,2024-05,Paid
WP00374,CZ01327,Elderly Support,31000,2024-12,Paid
WP00993,CZ02777,Food Support,15000,2024-09,Paid
WP00425,CZ02507,Disability Support,25000,2024-10,Paid
WP01200,CZ02019,Disability Support,25000,2024-11,Paid
WP00021,CZ01982,Cash Transfer,20000,2024-02,Paid
WP01306,CZ00822,Elderly Support,30000,2024-04,Paid
WP00804,CZ01646,Elderly Support,30000,2024-08,Paid
WP00830,CZ00417,Elderly Support,30000,2024-03,Paid
WP00616,CZ00490,Disability Support,25500,2024-09,Paid
WP01189,CZ02192,Elderly Support,30000,2024-07,Paid
WP00845,CZ02145,Disability Support,25000,2024-08,Paid
WP00981,CZ02661,Cash Transfer,20000,2024-03,Paid
WP00367,CZ02523,Food Support,15000,2024-05,Paid
WP01186,CZ01390,Food Support,15000,2024-06,Paid
WP00641,CZ00183,Cash Transfer,21000,2024-10,Paid
WP00959,CZ01663,Disability Support,25000,2024-02,Paid
WP01321,CZ02113,Cash Transfer,20000,2024-08,Paid
WP00966,CZ01715,Disability Support,25000,2024-04,Paid
WP01258,CZ02417,Elderly Support,30000,2024-06,Paid
WP00126,CZ00819,Food Support,15500,2024-12,Paid
WP00810,CZ02879,Disability Support,25000,2024-04,Paid
WP00370,CZ02523,Food Support,16000,2024-07,Paid
WP01089,CZ02981,Disability Support,25500,2024-01,Paid
WP00547,CZ00017,Elderly Support,30500,2024-07,Paid
WP00985,CZ02661,Cash Transfer,20000,2024-10,Paid
WP00863,CZ00983,Elderly Support,30000,2024-06,Paid
WP00114,CZ01449,Elderly Support,30000,2024-12,Paid
WP01335,CZ00412,Disability Support,25000,2024-05,Paid
WP01267,CZ01561,Food Support,15000,2024-03,Paid
WP00403,CZ02481,Cash Transfer,20000,2024-06,Paid
WP00948,CZ01452,Disability Support,26000,2024-12,Paid
WP01147,CZ02052,Cash Transfer,20000,2024-03,Paid
WP01063,CZ01284,Cash Transfer,20000,2024-05,Paid
WP00902,CZ00159,Food Support,15000,2024-12,Paid
WP00300,CZ00116,Elderly Support,30500,2024-02,Paid
WP00125,CZ00819,Food Support,15500,2024-07,Paid
WP00791,CZ01890,Elderly Support,31000,2024-10,Paid
WP00029,CZ02751,Disability Support,25000,2024-05,Paid
WP00412,CZ01431,Disability Support,26000,2024-06,Paid
WP01269,CZ01987,Food Support,16000,2024-06,Paid
WP00884,CZ02470,Cash Transfer,21000,2024-10,Paid
WP00842,CZ02746,Elderly Support,30000,2024-07,Paid
WP00802,CZ01646,Elderly Support,31000,2024-01,Paid
WP00629,CZ00650,Cash Transfer,20000,2024-01,Paid
WP00803,CZ01646,Elderly Support,30000,2024-07,Paid
WP00157,CZ00351,Cash Transfer,20500,2024-07,Paid
WP01303,CZ02123,Elderly Support,31000,2024-05,Paid
WP01282,CZ02375,Disability Support,25000,2024-08,Paid
WP00188,CZ01434,Disability Support,25500,2024-03,Paid
WP00161,CZ00351,Cash Transfer,20000,2024-01,Paid
WP00789,CZ01890,Elderly Support,30000,2024-05,Paid
WP00318,CZ00184,Elderly Support,30000,2024-09,Paid
WP01028,CZ00375,Cash Transfer,21000,2024-09,Paid
WP00630,CZ00650,Cash Transfer,20000,2024-04,Paid
WP00345,CZ01465,Elderly Support,30000,2024-04,Paid
WP00478,CZ01506,Cash Transfer,21000,2024-01,Paid
WP00876,CZ00961,Elderly Support,30000,2024-09,Paid
WP00937,CZ00175,Food Support,16000,2024-05,Paid
WP00315,CZ00184,Elderly Support,31000,2024-04,Paid
WP00916,CZ01794,Cash Transfer,20500,2024-07,Paid
WP00736,CZ01997,Elderly Support,30000,2024-06,Paid
WP00525,CZ02785,Elderly Support,31000,2024-02,Paid
WP01149,CZ02052,Cash Transfer,21000,2024-11,Paid
WP00400,CZ02394,Cash Transfer,20000,2024-12,Paid
WP00735,CZ01997,Elderly Support,30000,2024-02,Paid
WP01040,CZ02468,Cash Transfer,21000,2024-11,Paid
WP01185,CZ01390,Food Support,15000,2024-03,Paid
WP01121,CZ01869,Cash Transfer,20500,2024-03,Paid
WP00904,CZ00159,Food Support,15500,2024-11,Paid
WP00008,CZ01947,Cash Transfer,21000,2024-02,Paid
WP01347,CZ00972,Food Support,15000,2024-09,Paid
WP01263,CZ01561,Food Support,15000,2024-05,Paid
WP01134,CZ02329,Food Support,15000,2024-02,Paid
WP00031,CZ02751,Disability Support,25000,2024-03,Paid
WP00784,CZ02506,Elderly Support,30500,2024-07,Paid
WP00871,CZ02722,Food Support,15000,2024-07,Paid
WP00897,CZ00159,Food Support,16000,2024-09,Paid
WP00565,CZ01048,Food Support,16000,2024-01,Paid
WP00366,CZ01889,Elderly Support,30500,2024-11,Paid
WP01106,CZ01850,Disability Support,25500,2024-08,Paid
WP01123,CZ01869,Cash Transfer,21000,2024-12,Paid
WP00893,CZ02216,Disability Support,25000,2024-04,Paid
WP01199,CZ02019,Disability Support,26000,2024-05,Paid
WP00373,CZ01327,Elderly Support,30000,2024-06,Paid
WP01220,CZ00817,Disability Support,25500,2024-09,Paid
WP01002,CZ00449,Disability Support,25000,2024-02,Paid
WP01311,CZ02147,Food Support,15000,2024-10,Paid
WP00282,CZ01367,Cash Transfer,20000,2024-08,Paid
WP01173,CZ00776,Disability Support,25000,2024-03,Paid
WP00103,CZ02244,Elderly Support,30000,2024-03,Paid
WP01132,CZ02329,Food Support,15500,2024-05,Paid
WP01117,CZ01919,Food Support,15000,2024-01,Paid
WP00684,CZ00791,Disability Support,26000,2024-02,Paid
WP00639,CZ00183,Cash Transfer,20500,2024-11,Paid
WP00401,CZ02481,Cash Transfer,21000,2024-05,Paid
WP01423,CZ01968,Disability Support,25500,2024-08,Paid
WP00063,CZ01078,Food Support,15000,2024-12,Paid
WP01118,CZ00754,Food Support,15000,2024-12,Paid
WP00761,CZ02143,Elderly Support,30000,2024-03,Paid
WP00988,CZ02777,Food Support,16000,2024-06,Paid
WP01323,CZ01016,Disability Support,25500,2024-05,Paid
WP00408,CZ01431,Disability Support,25000,2024-11,Paid
WP00490,CZ00541,Food Support,15000,2024-02,Paid
WP01377,CZ02824,Disability Support,25000,2024-11,Paid
WP00143,CZ02156,Elderly Support,30500,2024-10,Paid
WP00285,CZ01367,Cash Transfer,20000,2024-02,Paid
WP00364,CZ01889,Elderly Support,30000,2024-08,Paid
WP00429,CZ02565,Elderly Support,30000,2024-08,Paid
WP00216,CZ00307,Food Support,15000,2024-12,Paid
WP00473,CZ01506,Cash Transfer,20000,2024-10,Paid
WP01307,CZ01105,Disability Support,25500,2024-03,Paid
WP01148,CZ02052,Cash Transfer,21000,2024-07,Paid
WP00084,CZ01759,Cash Transfer,20500,2024-10,Paid
WP01184,CZ01202,Food Support,16000,2024-05,Paid
WP00308,CZ00215,Disability Support,25000,2024-07,Paid
WP01213,CZ00817,Disability Support,25000,2024-02,Paid
WP00633,CZ00650,Cash Transfer,20000,2024-11,Paid
WP00395,CZ02394,Cash Transfer,20000,2024-08,Paid
WP00363,CZ00155,Cash Transfer,21000,2024-09,Paid
WP00475,CZ01506,Cash Transfer,20000,2024-11,Paid
WP01252,CZ01486,Elderly Support,30000,2024-05,Paid
WP00128,CZ02646,Cash Transfer,20500,2024-11,Paid
WP01391,CZ02303,Cash Transfer,20000,2024-11,Paid
WP00042,CZ01773,Food Support,15000,2024-08,Paid
WP00369,CZ02523,Food Support,15000,2024-01,Paid
WP01160,CZ01881,Elderly Support,31000,2024-12,Paid
WP01360,CZ00253,Elderly Support,30000,2024-07,Paid
WP00193,CZ02952,Elderly Support,30000,2024-12,Paid
WP00352,CZ00132,Food Support,15000,2024-03,Paid
WP00859,CZ01936,Cash Transfer,20000,2024-07,Paid
WP01102,CZ01146,Cash Transfer,21000,2024-05,Paid
WP01246,CZ00461,Elderly Support,30000,2024-01,Paid
WP00134,CZ02389,Cash Transfer,20000,2024-02,Paid
WP00081,CZ01759,Cash Transfer,20000,2024-08,Paid
WP00815,CZ02806,Food Support,15000,2024-12,Paid
WP01091,CZ00642,Food Support,15000,2024-09,Paid
WP00917,CZ01794,Cash Transfer,20000,2024-05,Paid
WP01329,CZ01501,Cash Transfer,20000,2024-04,Paid
WP00839,CZ02746,Elderly Support,30000,2024-10,Paid
WP00333,CZ00080,Elderly Support,30000,2024-02,Paid
WP00410,CZ01431,Disability Support,25500,2024-12,Paid
WP01098,CZ00162,Cash Transfer,20000,2024-12,Paid
WP00464,CZ00014,Elderly Support,31000,2024-11,Paid
WP00284,CZ01367,Cash Transfer,21000,2024-05,Paid
WP00035,CZ00559,Food Support,15000,2024-11,Paid
WP01288,CZ00603,Elderly Support,30000,2024-01,Paid
WP01025,CZ02258,Disability Support,25000,2024-04,Paid
WP00144,CZ02587,Disability Support,26000,2024-03,Paid
WP01396,CZ01775,Disability Support,25000,2024-12,Paid
WP00010,CZ00515,Cash Transfer,21000,2024-12,Paid
WP00417,CZ00316,Cash Transfer,20000,2024-08,Paid
WP00116,CZ01449,Elderly Support,30500,2024-11,Paid
WP01177,CZ01179,Food Support,15000,2024-01,Paid
WP00225,CZ02114,Cash Transfer,20500,2024-10,Paid
WP00946,CZ01452,Disability Support,25000,2024-04,Paid
WP00004,CZ00078,Cash Transfer,20500,2024-05,Paid
WP00208,CZ01082,Disability Support,25000,2024-02,Paid
WP00357,CZ00132,Food Support,15500,2024-12,Paid
WP00526,CZ02785,Elderly Support,30000,2024-10,Paid
WP00866,CZ02573,Disability Support,25000,2024-01,Paid
WP00620,CZ00221,Food Support,15000,2024-05,Paid
WP00133,CZ02389,Cash Transfer,20000,2024-08,Paid
WP00698,CZ02211,Disability Support,25000,2024-05,Paid
WP00852,CZ01553,Disability Support,26000,2024-10,Paid
WP00626,CZ02615,Elderly Support,30000,2024-08,Paid
WP01363,CZ02163,Disability Support,25000,2024-01,Paid
WP00347,CZ01465,Elderly Support,31000,2024-01,Paid
WP00283,CZ01367,Cash Transfer,20500,2024-03,Paid
WP00179,CZ01065,Cash Transfer,20000,2024-04,Paid
WP01105,CZ01850,Disability Support,25000,2024-05,Paid
WP00409,CZ01431,Disability Support,26000,2024-01,Paid
WP00666,CZ01556,Cash Transfer,20000,2024-09,Paid
WP00072,CZ01550,Elderly Support,30000,2024-06,Paid
WP00577,CZ01306,Disability Support,25000,2024-02,Paid
WP01411,CZ01763,Food Support,15000,2024-07,Paid
WP01136,CZ02329,Food Support,15500,2024-06,Paid
WP01272,CZ01142,Disability Support,25500,2024-08,Paid
WP01137,CZ02329,Food Support,15000,2024-03,Paid
WP01221,CZ02706,Food Support,15000,2024-03,Paid
WP00463,CZ00014,Elderly Support,30000,2024-10,Paid
WP01279,CZ02375,Disability Support,25000,2024-09,Paid
WP01359,CZ02994,Cash Transfer,20000,2024-04,Paid
WP01111,CZ01968,Disability Support,25500,2024-10,Paid
WP00456,CZ01087,Food Support,15000,2024-03,Paid
WP00855,CZ01553,Disability Support,25500,2024-03,Paid
WP01271,CZ01142,Disability Support,25000,2024-11,Paid
WP00457,CZ01087,Food Support,16000,2024-08,Paid
WP01284,CZ00603,Elderly Support,30000,2024-12,Paid
WP00462,CZ00014,Elderly Support,31000,2024-04,Paid
WP00635,CZ02028,Cash Transfer,20000,2024-07,Paid
WP00156,CZ00351,Cash Transfer,20500,2024-10,Paid
WP00544,CZ00017,Elderly Support,30500,2024-03,Paid
WP01420,CZ01881,Elderly Support,30000,2024-08,Paid
WP00907,CZ02067,Food Support,15500,2024-11,Paid
WP01201,CZ02614,Elderly Support,30000,2024-08,Paid
WP00675,CZ02237,Food Support,16000,2024-05,Paid
WP00831,CZ00417,Elderly Support,30000,2024-08,Paid
WP00471,CZ01753,Disability Support,26000,2024-07,Paid
WP00624,CZ02615,Elderly Support,30000,2024-01,Paid
WP00598,CZ02697,Elderly Support,30000,2024-08,Paid
WP00551,CZ02445,Food Support,15000,2024-03,Paid
WP00259,CZ01763,Food Support,15000,2024-12,Paid
WP00454,CZ01087,Food Support,15000,2024-01,Paid
WP01146,CZ02052,Cash Transfer,20000,2024-02,Paid
WP01142,CZ02130,Elderly Support,30000,2024-05,Paid
WP00337,CZ00080,Elderly Support,30500,2024-01,Paid
WP00040,CZ00559,Food Support,15500,2024-12,Paid
WP00276,CZ02076,Disability Support,25000,2024-08,Paid
WP00295,CZ00698,Disability Support,25000,2024-05,Paid
WP01125,CZ00021,Food Support,15000,2024-01,Paid
WP01182,CZ01202,Food Support,15000,2024-04,Paid
WP00520,CZ02785,Elderly Support,30500,2024-06,Paid
WP00591,CZ01059,Elderly Support,30000,2024-05,Paid
WP00728,CZ00399,Food Support,15500,2024-05,Paid
WP01289,CZ00603,Elderly Support,30000,2024-10,Paid
WP01209,CZ02527,Food Support,15000,2024-05,Paid
WP00243,CZ02807,Cash Transfer,20000,2024-10,Paid
WP00807,CZ01646,Elderly Support,30000,2024-11,Paid
WP00465,CZ00014,Elderly Support,31000,2024-05,Paid
WP00324,CZ02837,Cash Transfer,21000,2024-04,Paid
WP01179,CZ01179,Food Support,15000,2024-09,Paid
WP00221,CZ01135,Food Support,15000,2024-08,Paid
WP00695,CZ02542,Cash Transfer,20000,2024-03,Paid
WP00615,CZ00490,Disability Support,26000,2024-10,Paid
WP00642,CZ00183,Cash Transfer,21000,2024-07,Paid
WP00437,CZ01197,Food Support,16000,2024-11,Paid
WP00371,CZ02523,Food Support,16000,2024-04,Paid
WP00738,CZ00190,Cash Transfer,20000,2024-10,Paid
WP00656,CZ00757,Cash Transfer,20000,2024-03,Paid
WP00809,CZ02879,Disability Support,26000,2024-06,Paid
WP00051,CZ02701,Elderly Support,31000,2024-10,Paid
WP00155,CZ01298,Elderly Support,30000,2024-08,Paid
WP00286,CZ01367,Cash Transfer,20000,2024-11,Paid
WP00640,CZ00183,Cash Transfer,20000,2024-06,Paid
WP00082,CZ01759,Cash Transfer,20000,2024-09,Paid
WP01346,CZ00972,Food Support,15000,2024-02,Paid
WP00343,CZ00128,Food Support,15000,2024-03,Paid
WP01273,CZ01142,Disability Support,25500,2024-05,Paid
WP01305,CZ01246,Food Support,15000,2024-09,Paid
WP01265,CZ01561,Food Support,15500,2024-06,Paid
WP00627,CZ02615,Elderly Support,30000,2024-11,Paid
WP00435,CZ01197,Food Support,15000,2024-06,Paid
WP00603,CZ02187,Cash Transfer,20500,2024-05,Paid
WP01280,CZ02375,Disability Support,25000,2024-04,Paid
WP00961,CZ01663,Disability Support,25500,2024-11,Paid
WP01166,CZ01017,Food Support,15000,2024-09,Paid
WP01344,CZ00972,Food Support,15000,2024-03,Paid
WP01038,CZ02468,Cash Transfer,20500,2024-10,Paid
WP00999,CZ00449,Disability Support,26000,2024-07,Paid
WP00391,CZ00287,Disability Support,25000,2024-09,Paid
WP00734,CZ01997,Elderly Support,30000,2024-09,Paid
WP00751,CZ01160,Disability Support,25000,2024-09,Paid
WP01067,CZ02708,Disability Support,25000,2024-09,Paid
WP00246,CZ02807,Cash Transfer,20000,2024-11,Paid
WP00256,CZ00910,Cash Transfer,20000,2024-03,Paid
WP00987,CZ02661,Cash Transfer,20000,2024-04,Paid
WP00493,CZ00541,Food Support,16000,2024-03,Paid
WP00052,CZ01723,Food Support,15000,2024-11,Paid
WP00077,CZ00854,Food Support,16000,2024-10,Paid
WP01018,CZ02593,Disability Support,25000,2024-11,Paid
WP01004,CZ00124,Disability Support,25000,2024-12,Paid
WP00162,CZ00351,Cash Transfer,20000,2024-03,Paid
WP00542,CZ01055,Disability Support,25000,2024-08,Paid
WP00922,CZ01794,Cash Transfer,20000,2024-11,Paid
WP00130,CZ02646,Cash Transfer,20000,2024-06,Paid
WP01034,CZ00375,Cash Transfer,20000,2024-03,Paid
WP00375,CZ01327,Elderly Support,30000,2024-08,Paid
WP01032,CZ00375,Cash Transfer,20000,2024-11,Paid
WP00106,CZ01685,Cash Transfer,20000,2024-10,Paid
WP01342,CZ01676,Disability Support,26000,2024-07,Paid
WP00350,CZ01465,Elderly Support,30000,2024-07,Paid
WP00436,CZ01197,Food Support,15000,2024-07,Paid
WP00271,CZ02164,Disability Support,26000,2024-04,Paid
WP01069,CZ02708,Disability Support,25000,2024-11,Paid
WP00960,CZ01663,Disability Support,25000,2024-07,Paid
WP00870,CZ02722,Food Support,15000,2024-01,Paid
WP00650,CZ01323,Elderly Support,30000,2024-11,Paid
WP00729,CZ00399,Food Support,16000,2024-04,Paid
WP00835,CZ02180,Elderly Support,30000,2024-01,Paid
WP01065,CZ01284,Cash Transfer,20000,2024-08,Paid
WP00980,CZ01167,Elderly Support,30000,2024-09,Paid
WP01207,CZ02614,Elderly Support,31000,2024-03,Paid
WP01339,CZ01339,Cash Transfer,20500,2024-06,Paid
WP01277,CZ01142,Disability Support,25000,2024-02,Paid
WP00380,CZ02705,Cash Transfer,20500,2024-11,Paid
WP01227,CZ02783,Elderly Support,30000,2024-12,Paid
WP00190,CZ02952,Elderly Support,30000,2024-10,Paid
WP00093,CZ00725,Elderly Support,31000,2024-08,Paid
WP00230,CZ02833,Cash Transfer,21000,2024-06,Paid
WP01338,CZ00412,Disability Support,25000,2024-09,Paid
WP00237,CZ00309,Food Support,15000,2024-10,Paid
WP00427,CZ02507,Disability Support,26000,2024-02,Paid
WP01309,CZ02147,Food Support,16000,2024-08,Paid
WP01120,CZ01869,Cash Transfer,20000,2024-07,Paid
WP00836,CZ02180,Elderly Support,30000,2024-02,Paid
WP00634,CZ00650,Cash Transfer,21000,2024-05,Paid
WP00159,CZ00351,Cash Transfer,20500,2024-08,Paid
WP01231,CZ01516,Disability Support,25000,2024-07,Paid
WP00219,CZ01135,Food Support,16000,2024-04,Paid
WP00636,CZ02028,Cash Transfer,20000,2024-03,Paid
WP00267,CZ00179,Cash Transfer,20000,2024-12,Paid
WP01048,CZ02280,Cash Transfer,20000,2024-03,Paid
WP01341,CZ01676,Disability Support,26000,2024-05,Paid
WP00976,CZ01391,Disability Support,25000,2024-05,Paid
WP01152,CZ02052,Cash Transfer,20500,2024-04,Paid
WP00812,CZ02879,Disability Support,25500,2024-02,Paid
WP01364,CZ01200,Elderly Support,30000,2024-08,Paid
WP01088,CZ02981,Disability Support,25000,2024-07,Paid
WP00732,CZ01997,Elderly Support,30000,2024-04,Paid
WP00596,CZ01059,Elderly Support,30000,2024-01,Paid
WP00151,CZ02778,Food Support,15500,2024-02,Paid
WP00685,CZ00791,Disability Support,25000,2024-06,Paid
WP01141,CZ02130,Elderly Support,30000,2024-06,Paid
WP00777,CZ00831,Elderly Support,31000,2024-08,Paid
WP01145,CZ02130,Elderly Support,30000,2024-10,Paid
WP01373,CZ01811,Food Support,15000,2024-10,Paid
WP00491,CZ00541,Food Support,15000,2024-05,Paid
WP00177,CZ01065,Cash Transfer,20000,2024-03,Paid
WP00440,CZ02196,Disability Support,25500,2024-08,Paid
WP00291,CZ01101,Food Support,16000,2024-03,Paid
WP01128,CZ00021,Food Support,16000,2024-12,Paid
WP00062,CZ01078,Food Support,15500,2024-04,Paid
WP01249,CZ00461,Elderly Support,31000,2024-07,Paid
WP00187,CZ01434,Disability Support,26000,2024-05,Paid
WP01334,CZ00412,Disability Support,26000,2024-08,Paid
WP00648,CZ02367,Elderly Support,30000,2024-07,Paid
WP00346,CZ01465,Elderly Support,30000,2024-08,Paid
WP00834,CZ02180,Elderly Support,30500,2024-12,Paid
WP01299,CZ02123,Elderly Support,30500,2024-03,Paid
WP00002,CZ00078,Cash Transfer,20000,2024-02,Paid
WP00873,CZ02722,Food Support,15000,2024-05,Paid
WP01064,CZ01284,Cash Transfer,20500,2024-06,Paid
WP00322,CZ02837,Cash Transfer,20500,2024-09,Paid
WP00015,CZ01086,Food Support,16000,2024-11,Paid
WP00411,CZ01431,Disability Support,25000,2024-07,Paid
WP00321,CZ02837,Cash Transfer,20000,2024-02,Paid
WP01130,CZ02973,Cash Transfer,20000,2024-03,Paid
WP00012,CZ01230,Elderly Support,30000,2024-09,Paid
WP00180,CZ01886,Disability Support,26000,2024-06,Paid
WP01196,CZ00522,Elderly Support,30000,2024-11,Paid
WP00359,CZ00155,Cash Transfer,20500,2024-01,Paid
WP00850,CZ01553,Disability Support,25000,2024-09,Paid
WP00507,CZ00667,Food Support,16000,2024-10,Paid
WP00775,CZ00831,Elderly Support,31000,2024-09,Paid
WP00497,CZ02529,Elderly Support,31000,2024-10,Paid
WP00512,CZ00655,Food Support,15000,2024-01,Paid
WP00697,CZ02211,Disability Support,25000,2024-10,Paid
WP01413,CZ02615,Elderly Support,30000,2024-08,Paid
WP01226,CZ02783,Elderly Support,30000,2024-03,Paid
WP01014,CZ02593,Disability Support,25000,2024-07,Paid
WP00310,CZ00215,Disability Support,25000,2024-02,Paid
WP00990,CZ02777,Food Support,15500,2024-05,Paid
WP00758,CZ02143,Elderly Support,30000,2024-02,Paid
WP00926,CZ01231,Elderly Support,30000,2024-08,Paid
WP00786,CZ01193,Cash Transfer,20000,2024-04,Paid
WP00536,CZ01055,Disability Support,25000,2024-04,Paid
WP00066,CZ01550,Elderly Support,30000,2024-05,Paid
WP00853,CZ01553,Disability Support,25000,2024-07,Paid
WP00136,CZ02389,Cash Transfer,20500,2024-06,Paid
WP01051,CZ01725,Food Support,15500,2024-09,Paid
WP01318,CZ02113,Cash Transfer,20000,2024-10,Paid
WP00166,CZ02462,Food Support,15000,2024-10,Paid
WP01167,CZ00790,Cash Transfer,21000,2024-06,Paid
WP00232,CZ00309,Food Support,15000,2024-02,Paid
WP00213,CZ00307,Food Support,15000,2024-04,Paid
WP00138,CZ02389,Cash Transfer,20500,2024-09,Paid
WP00554,CZ02445,Food Support,15000,2024-01,Paid
WP00649,CZ01323,Elderly Support,30500,2024-01,Paid
WP00945,CZ01730,Disability Support,25000,2024-03,Paid
WP00426,CZ02507,Disability Support,25000,2024-12,Paid
WP00202,CZ01368,Food Support,15000,2024-07,Paid
WP01399,CZ02789,Food Support,15000,2024-06,Paid
WP00703,CZ02211,Disability Support,25500,2024-04,Paid
WP00097,CZ02244,Elderly Support,30000,2024-01,Paid
WP00396,CZ02394,Cash Transfer,20500,2024-09,Paid
WP00260,CZ01763,Food Support,16000,2024-10,Paid
WP01218,CZ00817,Disability Support,25000,2024-10,Paid
WP00594,CZ01059,Elderly Support,31000,2024-03,Paid
WP00799,CZ00153,Elderly Support,30500,2024-04,Paid
WP00778,CZ00831,Elderly Support,31000,2024-12,Paid
WP01012,CZ02593,Disability Support,25000,2024-06,Paid
WP01073,CZ01813,Cash Transfer,20000,2024-03,Paid
WP00089,CZ01819,Disability Support,25000,2024-06,Paid
WP01223,CZ02706,Food Support,15000,2024-11,Paid
WP01053,CZ02526,Disability Support,25000,2024-02,Paid
WP00527,CZ02302,Cash Transfer,20000,2024-05,Paid
WP01158,CZ01881,Elderly Support,31000,2024-05,Paid
WP00843,CZ02746,Elderly Support,30500,2024-02,Paid
WP01302,CZ02123,Elderly Support,30000,2024-10,Paid
WP00908,CZ02067,Food Support,15500,2024-08,Paid
WP00704,CZ00825,Elderly Support,31000,2024-03,Paid
WP00326,CZ01964,Elderly Support,30000,2024-09,Paid
WP00534,CZ02696,Elderly Support,31000,2024-04,Paid
WP00154,CZ01298,Elderly Support,30000,2024-06,Paid
WP00224,CZ02114,Cash Transfer,20500,2024-04,Paid
WP01206,CZ02614,Elderly Support,31000,2024-11,Paid
WP01212,CZ01822,Cash Transfer,20000,2024-10,Paid
WP01205,CZ02614,Elderly Support,30500,2024-05,Paid
WP00272,CZ02164,Disability Support,26000,2024-06,Paid
WP00150,CZ02778,Food Support,15500,2024-05,Paid
WP01164,CZ01017,Food Support,15500,2024-08,Paid
WP00564,CZ01048,Food Support,15500,2024-10,Paid
WP01281,CZ02375,Disability Support,25000,2024-12,Paid
WP00963,CZ00723,Elderly Support,30000,2024-08,Paid
WP00952,CZ02335,Cash Transfer,20500,2024-07,Paid
WP01068,CZ02708,Disability Support,25000,2024-05,Paid
WP00390,CZ00287,Disability Support,25000,2024-01,Paid
WP01416,CZ02187,Cash Transfer,20000,2024-10,Paid
WP00898,CZ00159,Food Support,15000,2024-04,Paid
WP00780,CZ00831,Elderly Support,30000,2024-02,Paid
WP00604,CZ02187,Cash Transfer,20000,2024-03,Paid
WP00210,CZ00307,Food Support,15000,2024-07,Paid
WP00502,CZ01388,Disability Support,26000,2024-02,Paid
WP01374,CZ02225,Disability Support,25000,2024-03,Paid
WP00466,CZ01753,Disability Support,25000,2024-06,Paid
WP01165,CZ01017,Food Support,15000,2024-11,Paid
WP01078,CZ00618,Disability Support,26000,2024-03,Paid
WP00422,CZ02507,Disability Support,25000,2024-11,Paid
WP01257,CZ02417,Elderly Support,30000,2024-01,Paid
WP00924,CZ01231,Elderly Support,30000,2024-03,Paid
WP00088,CZ01819,Disability Support,25000,2024-01,Paid
WP01112,CZ01919,Food Support,15000,2024-03,Paid
WP00722,CZ00399,Food Support,15500,2024-02,Paid
WP00175,CZ00628,Disability Support,25000,2024-10,Paid
WP00610,CZ01805,Food Support,15500,2024-04,Paid
WP00383,CZ02108,Disability Support,25000,2024-02,Paid
WP01400,CZ02789,Food Support,15000,2024-09,Paid
WP00406,CZ02481,Cash Transfer,20500,2024-03,Paid
WP00017,CZ01086,Food Support,15500,2024-06,Paid
WP00344,CZ01465,Elderly Support,30500,2024-06,Paid
WP00665,CZ01556,Cash Transfer,21000,2024-01,Paid
WP00101,CZ02244,Elderly Support,30500,2024-07,Paid
WP00950,CZ02335,Cash Transfer,20000,2024-10,Paid
WP00681,CZ00791,Disability Support,25500,2024-12,Paid
WP01075,CZ00618,Disability Support,26000,2024-05,Paid
WP01222,CZ02706,Food Support,15000,2024-06,Paid
WP00909,CZ02067,Food Support,16000,2024-05,Paid
WP01203,CZ02614,Elderly Support,30000,2024-10,Paid
WP00637,CZ02028,Cash Transfer,20000,2024-01,Paid
WP01163,CZ01017,Food Support,15000,2024-06,Paid
WP00762,CZ02143,Elderly Support,30500,2024-08,Paid
WP01208,CZ02527,Food Support,15000,2024-11,Paid
WP00297,CZ00698,Disability Support,25000,2024-06,Paid
WP00415,CZ00728,Disability Support,25000,2024-11,Paid
WP01296,CZ02073,Food Support,15000,2024-12,Paid
WP00070,CZ01550,Elderly Support,30000,2024-10,Paid
WP00275,CZ02076,Disability Support,25000,2024-04,Paid
WP00313,CZ00215,Disability Support,25000,2024-06,Paid
WP00430,CZ02565,Elderly Support,31000,2024-10,Paid
WP01035,CZ00375,Cash Transfer,20000,2024-10,Paid
WP00404,CZ02481,Cash Transfer,20500,2024-09,Paid
WP00712,CZ02942,Food Support,15500,2024-08,Paid
WP00167,CZ02462,Food Support,15000,2024-02,Paid
WP00387,CZ02108,Disability Support,26000,2024-05,Paid
WP00484,CZ02913,Elderly Support,30000,2024-05,Paid
WP01079,CZ00618,Disability Support,25000,2024-01,Paid
WP01049,CZ02280,Cash Transfer,20500,2024-05,Paid
WP00573,CZ02726,Disability Support,25000,2024-02,Paid
WP00883,CZ00868,Elderly Support,30000,2024-04,Paid
WP00026,CZ02751,Disability Support,25000,2024-07,Paid
WP00553,CZ02445,Food Support,15500,2024-12,Paid
WP00488,CZ00541,Food Support,15000,2024-11,Paid
WP00342,CZ00128,Food Support,15500,2024-10,Paid
WP01367,CZ00581,Elderly Support,30000,2024-08,Paid
WP00432,CZ01197,Food Support,15000,2024-03,Paid
WP00628,CZ00650,Cash Transfer,20000,2024-06,Paid
WP00153,CZ01298,Elderly Support,30000,2024-03,Paid
WP00740,CZ00190,Cash Transfer,20000,2024-01,Paid
WP00947,CZ01452,Disability Support,25000,2024-07,Paid
WP00056,CZ01723,Food Support,15000,2024-02,Paid
WP01268,CZ01561,Food Support,15500,2024-01,Paid
WP00682,CZ00791,Disability Support,25000,2024-10,Paid
WP00312,CZ00215,Disability Support,25000,2024-09,Paid
WP00796,CZ00153,Elderly Support,30000,2024-10,Paid
WP01020,CZ02131,Disability Support,25000,2024-10,Paid
WP00124,CZ00819,Food Support,15000,2024-03,Paid
WP00030,CZ02751,Disability Support,25000,2024-12,Paid
WP00311,CZ00215,Disability Support,25000,2024-04,Paid
WP01084,CZ02981,Disability Support,25000,2024-12,Paid
WP00233,CZ00309,Food Support,16000,2024-05,Paid
WP00450,CZ01189,Cash Transfer,21000,2024-05,Paid
WP01030,CZ00375,Cash Transfer,20000,2024-07,Paid
WP00913,CZ00259,Food Support,15000,2024-12,Paid
WP00896,CZ01951,Elderly Support,30500,2024-03,Paid
WP00817,CZ02806,Food Support,15000,2024-08,Paid
WP00016,CZ01086,Food Support,16000,2024-08,Paid
WP01319,CZ02113,Cash Transfer,20000,2024-01,Paid
WP01168,CZ00790,Cash Transfer,20000,2024-12,Paid
WP01240,CZ01787,Elderly Support,30500,2024-01,Paid
WP01330,CZ01501,Cash Transfer,20000,2024-10,Paid
WP00934,CZ00175,Food Support,15500,2024-08,Paid
WP01402,CZ02830,Elderly Support,30000,2024-02,Paid
WP01080,CZ00618,Disability Support,26000,2024-07,Paid
WP00500,CZ01388,Disability Support,25000,2024-11,Paid
WP01144,CZ02130,Elderly Support,30000,2024-11,Paid
WP01159,CZ01881,Elderly Support,30000,2024-08,Paid
WP01110,CZ01968,Disability Support,25000,2024-02,Paid
WP00302,CZ00116,Elderly Support,30000,2024-05,Paid
WP00142,CZ02156,Elderly Support,30500,2024-07,Paid
WP00678,CZ02237,Food Support,15500,2024-03,Paid
WP00568,CZ02673,Elderly Support,30500,2024-06,Paid
WP00557,CZ02628,Cash Transfer,20000,2024-02,Paid
WP00281,CZ02076,Disability Support,25000,2024-10,Paid
WP00833,CZ02180,Elderly Support,30000,2024-10,Paid
WP00288,CZ01101,Food Support,15000,2024-04,Paid
WP00058,CZ01172,Elderly Support,30000,2024-04,Paid
WP00118,CZ01449,Elderly Support,30000,2024-06,Paid
WP00721,CZ02339,Elderly Support,30500,2024-08,Paid
WP01103,CZ01850,Disability Support,25000,2024-10,Paid
WP00292,CZ01101,Food Support,15000,2024-07,Paid
WP00257,CZ01763,Food Support,15000,2024-03,Paid
WP01412,CZ01936,Cash Transfer,20500,2024-05,Paid
WP00754,CZ01160,Disability Support,25000,2024-07,Paid
WP00943,CZ01487,Elderly Support,30000,2024-11,Paid
WP01023,CZ02258,Disability Support,25500,2024-11,Paid
WP01260,CZ02417,Elderly Support,30500,2024-12,Paid
WP00569,CZ02673,Elderly Support,30000,2024-03,Paid
WP01122,CZ01869,Cash Transfer,21000,2024-09,Paid
WP01232,CZ01516,Disability Support,26000,2024-01,Paid
WP00997,CZ02274,Disability Support,26000,2024-06,Paid
WP00793,CZ01890,Elderly Support,30000,2024-02,Paid
WP00837,CZ02746,Elderly Support,30000,2024-01,Paid
WP00575,CZ02726,Disability Support,25500,2024-07,Paid
WP00579,CZ02909,Food Support,15000,2024-06,Paid
WP01254,CZ00809,Elderly Support,31000,2024-11,Paid
WP00713,CZ02942,Food Support,15000,2024-02,Paid
WP00689,CZ02542,Cash Transfer,20000,2024-05,Paid
WP01005,CZ00124,Disability Support,25000,2024-08,Paid
WP01392,CZ02303,Cash Transfer,20000,2024-10,Paid
WP00428,CZ02565,Elderly Support,30000,2024-04,Paid
WP00206,CZ01082,Disability Support,25000,2024-07,Paid
WP00518,CZ00655,Food Support,15000,2024-07,Paid
WP00920,CZ01794,Cash Transfer,20500,2024-10,Paid
WP01107,CZ01850,Disability Support,25000,2024-04,Paid
WP00006,CZ01947,Cash Transfer,20000,2024-07,Paid
WP00108,CZ02670,Cash Transfer,21000,2024-02,Paid
WP01343,CZ01676,Disability Support,25000,2024-02,Paid
WP00851,CZ01553,Disability Support,25000,2024-02,Paid
WP00818,CZ02663,Cash Transfer,20000,2024-09,Paid
WP00499,CZ01388,Disability Support,25000,2024-07,Paid
WP00381,CZ02108,Disability Support,26000,2024-09,Paid
WP00655,CZ00757,Cash Transfer,20500,2024-02,Paid
WP01243,CZ01787,Elderly Support,30000,2024-02,Paid
WP00178,CZ01065,Cash Transfer,20000,2024-01,Paid
WP01250,CZ00461,Elderly Support,30000,2024-11,Paid
WP00290,CZ01101,Food Support,15000,2024-11,Paid
WP00962,CZ01663,Disability Support,25500,2024-01,Paid
WP00339,CZ00080,Elderly Support,30000,2024-03,Paid
WP00625,CZ02615,Elderly Support,30000,2024-07,Paid
WP00227,CZ01790,Disability Support,25000,2024-04,Paid
WP00170,CZ01729,Elderly Support,30000,2024-04,Paid
WP00301,CZ00116,Elderly Support,30000,2024-08,Paid
WP00535,CZ01055,Disability Support,25000,2024-11,Paid
WP00787,CZ01890,Elderly Support,31000,2024-11,Paid
WP01021,CZ02131,Disability Support,25000,2024-09,Paid
WP01096,CZ01315,Food Support,15000,2024-12,Paid
WP01229,CZ02783,Elderly Support,31000,2024-01,Paid
WP00328,CZ01224,Disability Support,25000,2024-05,Paid
WP00094,CZ00725,Elderly Support,30000,2024-01,Paid
WP01087,CZ02981,Disability Support,25000,2024-03,Paid
WP00414,CZ00728,Disability Support,25000,2024-09,Paid
WP00251,CZ00910,Cash Transfer,20500,2024-01,Paid
WP00112,CZ01449,Elderly Support,31000,2024-07,Paid
WP01398,CZ02789,Food Support,15000,2024-05,Paid
WP00277,CZ02076,Disability Support,26000,2024-09,Paid
WP00424,CZ02507,Disability Support,25500,2024-05,Paid
WP00024,CZ02168,Food Support,15000,2024-12,Paid
WP00911,CZ00632,Food Support,15000,2024-01,Paid
WP01215,CZ00817,Disability Support,25500,2024-11,Paid
WP00372,CZ02523,Food Support,16000,2024-06,Paid
WP01133,CZ02329,Food Support,15500,2024-11,Paid
WP00034,CZ00559,Food Support,15000,2024-08,Paid
WP00589,CZ02969,Elderly Support,30500,2024-07,Paid
WP00857,CZ01936,Cash Transfer,20000,2024-11,Paid
WP00467,CZ01753,Disability Support,25000,2024-05,Paid
WP01355,CZ00276,Elderly Support,30000,2024-10,Paid
WP00110,CZ01921,Disability Support,25500,2024-10,Paid
WP00423,CZ02507,Disability Support,25000,2024-07,Paid
WP01161,CZ01017,Food Support,15000,2024-01,Paid
WP00899,CZ00159,Food Support,15000,2024-08,Paid
WP00443,CZ01512,Elderly Support,30000,2024-09,Paid
WP01264,CZ01561,Food Support,15000,2024-02,Paid
WP00147,CZ02778,Food Support,16000,2024-09,Paid
WP01253,CZ00809,Elderly Support,30000,2024-10,Paid
WP00823,CZ01405,Food Support,15000,2024-10,Paid
WP00669,CZ01556,Cash Transfer,20000,2024-02,Paid
WP01037,CZ02468,Cash Transfer,20000,2024-12,Paid
WP00764,CZ02143,Elderly Support,30500,2024-07,Paid
WP00602,CZ02187,Cash Transfer,20000,2024-02,Paid
WP00392,CZ01480,Cash Transfer,21000,2024-05,Paid
WP00234,CZ00309,Food Support,15500,2024-01,Paid
WP00204,CZ01082,Disability Support,25000,2024-09,Paid
WP01381,CZ02539,Elderly Support,30000,2024-12,Paid
WP00600,CZ01778,Cash Transfer,20000,2024-11,Paid
WP01304,CZ02123,Elderly Support,31000,2024-12,Paid
WP00025,CZ02548,Cash Transfer,21000,2024-10,Paid
WP01313,CZ02147,Food Support,16000,2024-11,Paid
WP00848,CZ02145,Disability Support,25000,2024-01,Paid
WP00329,CZ01224,Disability Support,25500,2024-06,Paid
WP00921,CZ01794,Cash Transfer,20000,2024-03,Paid
WP00858,CZ01936,Cash Transfer,20500,2024-05,Paid
WP00139,CZ02389,Cash Transfer,20500,2024-11,Paid
WP00599,CZ02697,Elderly Support,30500,2024-07,Paid
WP00957,CZ02684,Cash Transfer,20000,2024-07,Paid
WP00674,CZ02237,Food Support,15500,2024-09,Paid
WP00844,CZ02746,Elderly Support,31000,2024-09,Paid
WP01248,CZ00461,Elderly Support,30000,2024-09,Paid
WP01291,CZ00525,Elderly Support,31000,2024-04,Paid
WP01429,CZ01556,Cash Transfer,20000,2024-08,Paid
WP00020,CZ01982,Cash Transfer,20500,2024-07,Paid
WP00741,CZ00190,Cash Transfer,21000,2024-09,Paid
WP01000,CZ00449,Disability Support,25000,2024-03,Paid
WP00714,CZ02942,Food Support,15000,2024-01,Paid
WP00686,CZ00791,Disability Support,25000,2024-03,Paid
WP00783,CZ02506,Elderly Support,30500,2024-04,Paid
WP00509,CZ00667,Food Support,15000,2024-09,Paid
WP01015,CZ02593,Disability Support,26000,2024-02,Paid
WP00590,CZ01059,Elderly Support,30000,2024-09,Paid
WP00597,CZ01059,Elderly Support,30000,2024-08,Paid
WP00212,CZ00307,Food Support,16000,2024-08,Paid
WP00287,CZ02738,Food Support,16000,2024-09,Paid
WP00356,CZ00132,Food Support,15000,2024-02,Paid
WP01187,CZ01390,Food Support,16000,2024-12,Paid
WP00095,CZ00725,Elderly Support,30000,2024-06,Paid
WP01162,CZ01017,Food Support,16000,2024-03,Paid
WP00330,CZ01224,Disability Support,25000,2024-12,Paid
WP00864,CZ02573,Disability Support,25000,2024-12,Paid
WP00694,CZ02542,Cash Transfer,20000,2024-01,Paid
WP00958,CZ01663,Disability Support,25000,2024-09,Paid
WP00361,CZ00155,Cash Transfer,21000,2024-12,Paid
WP00111,CZ01921,Disability Support,26000,2024-04,Paid
WP01365,CZ01200,Elderly Support,30000,2024-05,Paid
WP01419,CZ01368,Food Support,15500,2024-04,Paid
WP01361,CZ00253,Elderly Support,30000,2024-12,Paid
WP00821,CZ02663,Cash Transfer,20000,2024-04,Paid
WP00453,CZ01087,Food Support,15500,2024-11,Paid
WP00057,CZ01723,Food Support,15000,2024-03,Paid
WP01237,CZ00806,Disability Support,25500,2024-02,Paid
WP00595,CZ01059,Elderly Support,30500,2024-07,Paid
WP01129,CZ00021,Food Support,15000,2024-11,Paid
WP00556,CZ02628,Cash Transfer,20000,2024-08,Paid
WP01017,CZ02593,Disability Support,25500,2024-09,Paid
WP01225,CZ02783,Elderly Support,31000,2024-11,Paid
WP00742,CZ00190,Cash Transfer,20000,2024-12,Paid
WP00954,CZ02335,Cash Transfer,20500,2024-06,Paid
WP00069,CZ01550,Elderly Support,30000,2024-08,Paid
WP01022,CZ02131,Disability Support,25000,2024-04,Paid
WP00336,CZ00080,Elderly Support,31000,2024-10,Paid
WP00747,CZ00272,Food Support,15000,2024-06,Paid
WP01124,CZ02312,Food Support,15000,2024-10,Paid
WP00998,CZ02274,Disability Support,25000,2024-02,Paid
WP00767,CZ00178,Cash Transfer,20500,2024-06,Paid
WP00265,CZ00179,Cash Transfer,20000,2024-08,Paid
WP00214,CZ00307,Food Support,15000,2024-10,Paid
WP00192,CZ02952,Elderly Support,30000,2024-09,Paid
WP00606,CZ02187,Cash Transfer,20500,2024-06,Paid
WP00716,CZ00136,Cash Transfer,21000,2024-05,Paid
WP00611,CZ01805,Food Support,15000,2024-10,Paid
WP00003,CZ00078,Cash Transfer,20000,2024-11,Paid
WP00608,CZ01805,Food Support,16000,2024-05,Paid
WP00247,CZ02807,Cash Transfer,20000,2024-01,Paid
WP00878,CZ00961,Elderly Support,30000,2024-04,Paid
WP00274,CZ02164,Disability Support,25000,2024-01,Paid
WP01026,CZ01103,Disability Support,25000,2024-01,Paid
WP00250,CZ00910,Cash Transfer,20000,2024-06,Paid
WP01135,CZ02329,Food Support,15000,2024-10,Paid
WP00405,CZ02481,Cash Transfer,20000,2024-02,Paid
WP00770,CZ00178,Cash Transfer,20000,2024-10,Paid
WP00537,CZ01055,Disability Support,26000,2024-05,Paid
WP01155,CZ01881,Elderly Support,30500,2024-09,Paid
WP00771,CZ00178,Cash Transfer,20500,2024-11,Paid
WP00618,CZ00007,Cash Transfer,20500,2024-11,Paid
WP01157,CZ01881,Elderly Support,30500,2024-07,Paid
WP00583,CZ00832,Disability Support,25000,2024-06,Paid
WP00928,CZ01231,Elderly Support,30500,2024-07,Paid
WP00523,CZ02785,Elderly Support,30500,2024-09,Paid
WP00335,CZ00080,Elderly Support,30500,2024-08,Paid
WP00559,CZ02628,Cash Transfer,20000,2024-12,Paid
WP00578,CZ01306,Disability Support,25000,2024-05,Paid
WP01109,CZ01968,Disability Support,25500,2024-08,Paid
WP00358,CZ00155,Cash Transfer,20000,2024-07,Paid
WP00967,CZ01715,Disability Support,26000,2024-12,Paid
WP00182,CZ01886,Disability Support,25500,2024-09,Paid
WP00983,CZ02661,Cash Transfer,21000,2024-11,Paid
WP01298,CZ02123,Elderly Support,30000,2024-04,Paid
WP00752,CZ01160,Disability Support,25500,2024-10,Paid
WP01052,CZ02526,Disability Support,25500,2024-01,Paid
WP00560,CZ01048,Food Support,16000,2024-06,Paid
WP00306,CZ00395,Disability Support,25500,2024-02,Paid
WP01119,CZ01869,Cash Transfer,20000,2024-08,Paid
WP00769,CZ00178,Cash Transfer,20000,2024-09,Paid
WP01054,CZ02526,Disability Support,25500,2024-05,Paid
WP00129,CZ02646,Cash Transfer,20000,2024-05,Paid
WP01337,CZ00412,Disability Support,26000,2024-03,Paid
WP00458,CZ01087,Food Support,15500,2024-05,Paid
WP00416,CZ00316,Cash Transfer,21000,2024-03,Paid
WP00152,CZ02778,Food Support,16000,2024-11,Paid
WP00194,CZ02952,Elderly Support,30000,2024-06,Paid
WP01241,CZ01787,Elderly Support,30000,2024-12,Paid
WP00317,CZ00184,Elderly Support,31000,2024-11,Paid
WP00982,CZ02661,Cash Transfer,20000,2024-12,Paid
WP00984,CZ02661,Cash Transfer,20000,2024-08,Paid
WP00702,CZ02211,Disability Support,25000,2024-06,Paid
WP00039,CZ00559,Food Support,15500,2024-03,Paid
WP00687,CZ00791,Disability Support,26000,2024-01,Paid
WP01383,CZ00866,Disability Support,25000,2024-03,Paid
WP00749,CZ00272,Food Support,15500,2024-08,Paid
WP01180,CZ01202,Food Support,16000,2024-06,Paid
WP00892,CZ02216,Disability Support,26000,2024-08,Paid
WP00222,CZ01135,Food Support,15000,2024-10,Paid
WP01055,CZ02526,Disability Support,25000,2024-09,Paid
WP00388,CZ02108,Disability Support,25000,2024-06,Paid
WP01328,CZ01501,Cash Transfer,20500,2024-07,Paid
WP00254,CZ00910,Cash Transfer,20500,2024-07,Paid
WP00970,CZ01715,Disability Support,25000,2024-10,Paid
WP00733,CZ01997,Elderly Support,30500,2024-08,Paid
WP01270,CZ01142,Disability Support,25500,2024-04,Paid
WP01192,CZ02192,Elderly Support,30000,2024-05,Paid
WP00078,CZ01759,Cash Transfer,20000,2024-04,Paid
WP00303,CZ00116,Elderly Support,31000,2024-07,Paid
WP00299,CZ00698,Disability Support,25000,2024-04,Paid
WP00828,CZ00417,Elderly Support,30500,2024-10,Paid
WP01059,CZ02526,Disability Support,25500,2024-03,Paid
WP00792,CZ01890,Elderly Support,30000,2024-03,Paid
WP01006,CZ00124,Disability Support,25000,2024-10,Paid
WP00658,CZ00757,Cash Transfer,20000,2024-08,Paid
WP00826,CZ00417,Elderly Support,30000,2024-12,Paid
WP01316,CZ02147,Food Support,15000,2024-03,Paid
WP01228,CZ02783,Elderly Support,30000,2024-05,Paid
WP00644,CZ00828,Disability Support,26000,2024-07,Paid
WP00737,CZ01997,Elderly Support,31000,2024-11,Paid
WP01278,CZ02375,Disability Support,25000,2024-10,Paid
WP00027,CZ02751,Disability Support,26000,2024-08,Paid
WP01308,CZ00071,Food Support,15000,2024-05,Paid
WP00314,CZ00184,Elderly Support,30000,2024-12,Paid
WP00933,CZ00175,Food Support,15000,2024-06,Paid
WP00940,CZ01487,Elderly Support,30000,2024-01,Paid
WP00941,CZ01487,Elderly Support,30500,2024-03,Paid
WP01198,CZ02019,Disability Support,25000,2024-09,Paid
WP00452,CZ01087,Food Support,15500,2024-12,Paid
WP00477,CZ01506,Cash Transfer,20500,2024-03,Paid
WP01262,CZ02417,Elderly Support,30000,2024-02,Paid
WP00816,CZ02806,Food Support,15500,2024-04,Paid
WP00481,CZ02788,Food Support,15000,2024-02,Paid
WP00776,CZ00831,Elderly Support,31000,2024-07,Paid
WP01236,CZ00806,Disability Support,26000,2024-06,Paid
WP01126,CZ00021,Food Support,15000,2024-07,Paid
WP00890,CZ02216,Disability Support,25000,2024-01,Paid
WP01353,CZ02532,Food Support,15000,2024-01,Paid
WP00398,CZ02394,Cash Transfer,20500,2024-01,Paid
WP00433,CZ01197,Food Support,15000,2024-01,Paid
WP01176,CZ01161,Cash Transfer,20000,2024-05,Paid
WP00538,CZ01055,Disability Support,25000,2024-01,Paid
WP00508,CZ00667,Food Support,15500,2024-02,Paid
WP00186,CZ01434,Disability Support,25000,2024-01,Paid
WP00968,CZ01715,Disability Support,25000,2024-09,Paid
WP00445,CZ01706,Elderly Support,30000,2024-05,Paid
WP00498,CZ02529,Elderly Support,30000,2024-09,Paid
WP00407,CZ01431,Disability Support,26000,2024-02,Paid
WP00549,CZ02445,Food Support,15000,2024-11,Paid
WP00397,CZ02394,Cash Transfer,20000,2024-07,Paid
WP00506,CZ01388,Disability Support,25000,2024-06,Paid
WP00446,CZ01189,Cash Transfer,20500,2024-08,Paid
WP00548,CZ02445,Food Support,15500,2024-09,Paid
WP01397,CZ02789,Food Support,15000,2024-04,Paid
WP00304,CZ00116,Elderly Support,30000,2024-04,Paid
WP00043,CZ01773,Food Support,15000,2024-03,Paid
WP00938,CZ01487,Elderly Support,30000,2024-07,Paid
WP00707,CZ00825,Elderly Support,31000,2024-11,Paid
WP00760,CZ02143,Elderly Support,30000,2024-10,Paid
WP01295,CZ02073,Food Support,16000,2024-02,Paid
WP00109,CZ01921,Disability Support,26000,2024-03,Paid
WP00570,CZ02673,Elderly Support,30000,2024-04,Paid
WP00510,CZ00667,Food Support,15000,2024-06,Paid
WP00918,CZ01794,Cash Transfer,20000,2024-01,Paid
WP00645,CZ02367,Elderly Support,30000,2024-08,Paid
WP01074,CZ01813,Cash Transfer,20000,2024-09,Paid
WP00447,CZ01189,Cash Transfer,20000,2024-01,Paid
WP01394,CZ02303,Cash Transfer,20000,2024-03,Paid
WP00501,CZ01388,Disability Support,25500,2024-08,Paid
WP01235,CZ01516,Disability Support,25000,2024-02,Paid
WP00065,CZ01078,Food Support,15500,2024-06,Paid
WP00184,CZ01434,Disability Support,25000,2024-12,Paid
WP00677,CZ02237,Food Support,15500,2024-06,Paid
WP00814,CZ01871,Cash Transfer,20000,2024-07,Paid
WP00038,CZ00559,Food Support,16000,2024-10,Paid
WP00461,CZ00014,Elderly Support,30000,2024-09,Paid
WP01210,CZ02527,Food Support,15000,2024-08,Paid
WP00528,CZ02302,Cash Transfer,20500,2024-12,Paid
WP00348,CZ01465,Elderly Support,30500,2024-10,Paid
WP00048,CZ01773,Food Support,15000,2024-01,Paid
WP00972,CZ01391,Disability Support,25000,2024-10,Paid
WP00362,CZ00155,Cash Transfer,20500,2024-02,Paid
WP00495,CZ02529,Elderly Support,30000,2024-02,Paid
WP01190,CZ02192,Elderly Support,30500,2024-01,Paid
WP00838,CZ02746,Elderly Support,30000,2024-11,Paid
WP00708,CZ00825,Elderly Support,30500,2024-12,Paid
WP00653,CZ00757,Cash Transfer,20500,2024-07,Paid
WP00822,CZ02663,Cash Transfer,20000,2024-05,Paid
WP01042,CZ00853,Disability Support,25000,2024-07,Paid
WP01239,CZ01787,Elderly Support,30000,2024-09,Paid
WP00146,CZ02778,Food Support,15000,2024-04,Paid
WP00421,CZ02507,Disability Support,25000,2024-09,Paid
WP01255,CZ00809,Elderly Support,30500,2024-02,Paid
WP00996,CZ02274,Disability Support,25000,2024-09,Paid
WP00773,CZ00831,Elderly Support,30000,2024-10,Paid
WP00137,CZ02389,Cash Transfer,20000,2024-04,Paid
WP01293,CZ02013,Cash Transfer,20500,2024-02,Paid
WP00455,CZ01087,Food Support,15000,2024-09,Paid
WP00820,CZ02663,Cash Transfer,21000,2024-11,Paid
WP00474,CZ01506,Cash Transfer,21000,2024-04,Paid
WP00189,CZ01434,Disability Support,25000,2024-07,Paid
WP01061,CZ01284,Cash Transfer,20000,2024-10,Paid
WP00117,CZ01449,Elderly Support,30500,2024-10,Paid
WP00242,CZ02807,Cash Transfer,20500,2024-03,Paid
WP00900,CZ00159,Food Support,15000,2024-01,Paid
WP00541,CZ01055,Disability Support,25000,2024-12,Paid
WP00253,CZ00910,Cash Transfer,20000,2024-09,Paid
WP00652,CZ01323,Elderly Support,30000,2024-04,Paid
WP00482,CZ02913,Elderly Support,31000,2024-02,Paid
WP00825,CZ01405,Food Support,15000,2024-11,Paid
WP00905,CZ02067,Food Support,15000,2024-06,Paid
WP00973,CZ01391,Disability Support,25000,2024-06,Paid
WP00434,CZ01197,Food Support,15000,2024-05,Paid
WP01099,CZ00162,Cash Transfer,20000,2024-02,Paid
WP00181,CZ01886,Disability Support,25000,2024-01,Paid
WP01372,CZ01811,Food Support,15000,2024-03,Paid
WP00054,CZ01723,Food Support,15000,2024-08,Paid
WP01031,CZ00375,Cash Transfer,20000,2024-02,Paid
WP01401,CZ02830,Elderly Support,30000,2024-08,Paid
WP00470,CZ01753,Disability Support,25500,2024-08,Paid
WP01386,CZ01446,Cash Transfer,20000,2024-03,Paid
WP00915,CZ02579,Cash Transfer,21000,2024-12,Paid
WP00552,CZ02445,Food Support,15500,2024-08,Paid
WP01378,CZ02824,Disability Support,25000,2024-05,Paid
WP00692,CZ02542,Cash Transfer,21000,2024-06,Paid
WP00100,CZ02244,Elderly Support,30500,2024-12,Paid
WP00399,CZ02394,Cash Transfer,20000,2024-03,Paid
WP01011,CZ02593,Disability Support,26000,2024-04,Paid
WP01325,CZ01501,Cash Transfer,20000,2024-06,Paid
WP00160,CZ00351,Cash Transfer,20000,2024-09,Paid
WP01010,CZ00371,Elderly Support,31000,2024-11,Paid
WP01197,CZ02019,Disability Support,25000,2024-07,Paid
WP00725,CZ00399,Food Support,15500,2024-10,Paid
WP00706,CZ00825,Elderly Support,30000,2024-09,Paid
WP00766,CZ00178,Cash Transfer,20500,2024-02,Paid
WP01085,CZ02981,Disability Support,26000,2024-09,Paid
WP01191,CZ02192,Elderly Support,30000,2024-04,Paid
WP01151,CZ02052,Cash Transfer,20000,2024-12,Paid
WP00332,CZ02404,Cash Transfer,20000,2024-08,Paid
WP01174,CZ01161,Cash Transfer,20000,2024-11,Paid
WP00545,CZ00017,Elderly Support,30000,2024-08,Paid
WP00096,CZ00725,Elderly Support,30500,2024-04,Paid
WP01414,CZ02526,Disability Support,25500,2024-07,Paid
WP00724,CZ00399,Food Support,16000,2024-03,Paid
WP00351,CZ00132,Food Support,15000,2024-07,Paid
WP00874,CZ02722,Food Support,16000,2024-04,Paid
WP00046,CZ01773,Food Support,15000,2024-06,Paid
WP00965,CZ01715,Disability Support,25000,2024-06,Paid
WP00252,CZ00910,Cash Transfer,20500,2024-04,Paid
WP00986,CZ02661,Cash Transfer,20000,2024-09,Paid
WP01171,CZ00790,Cash Transfer,20500,2024-04,Paid
WP01009,CZ00371,Elderly Support,30000,2024-03,Paid
WP00085,CZ01759,Cash Transfer,20500,2024-12,Paid
WP00745,CZ00272,Food Support,15000,2024-07,Paid
WP00476,CZ01506,Cash Transfer,20500,2024-05,Paid
WP01390,CZ02098,Food Support,15000,2024-08,Paid
WP00201,CZ01368,Food Support,15000,2024-01,Paid
WP00394,CZ01480,Cash Transfer,20000,2024-06,Paid
WP00929,CZ01231,Elderly Support,30500,2024-06,Paid
WP00076,CZ00854,Food Support,15000,2024-04,Paid
WP00037,CZ00559,Food Support,15500,2024-02,Paid
WP00679,CZ02237,Food Support,16000,2024-08,Paid
WP00185,CZ01434,Disability Support,25000,2024-02,Paid
WP01336,CZ00412,Disability Support,26000,2024-07,Paid
WP00107,CZ02670,Cash Transfer,20000,2024-12,Paid
WP01366,CZ00581,Elderly Support,30000,2024-04,Paid
WP00413,CZ00728,Disability Support,25000,2024-06,Paid
WP01214,CZ00817,Disability Support,26000,2024-08,Paid
WP00571,CZ02673,Elderly Support,30000,2024-12,Paid
WP00705,CZ00825,Elderly Support,30000,2024-02,Paid
WP01403,CZ02830,Elderly Support,30000,2024-06,Paid
WP00555,CZ02445,Food Support,15000,2024-04,Paid
WP00105,CZ01685,Cash Transfer,21000,2024-08,Paid
WP00479,CZ02788,Food Support,15000,2024-09,Paid
WP00268,CZ00179,Cash Transfer,21000,2024-05,Paid
WP00601,CZ02187,Cash Transfer,20500,2024-11,Paid
WP00032,CZ02751,Disability Support,25000,2024-01,Paid
WP00503,CZ01388,Disability Support,25000,2024-03,Paid
WP01349,CZ00878,Cash Transfer,20000,2024-03,Paid
WP01071,CZ01813,Cash Transfer,21000,2024-10,Paid
WP00018,CZ01982,Cash Transfer,20000,2024-03,Paid
WP00772,CZ00178,Cash Transfer,20500,2024-04,Paid
WP01427,CZ02542,Cash Transfer,20000,2024-12,Paid
WP00514,CZ00655,Food Support,15000,2024-05,Paid
WP00148,CZ02778,Food Support,15000,2024-03,Paid
WP01153,CZ02052,Cash Transfer,20500,2024-01,Paid
WP00379,CZ02291,Elderly Support,30000,2024-02,Paid
WP00419,CZ00316,Cash Transfer,20000,2024-02,Paid
WP01154,CZ02268,Food Support,15500,2024-04,Paid
WP00273,CZ02164,Disability Support,25000,2024-10,Paid
WP01143,CZ02130,Elderly Support,30000,2024-07,Paid
WP00064,CZ01078,Food Support,15500,2024-05,Paid
WP01290,CZ00603,Elderly Support,31000,2024-05,Paid
WP01233,CZ01516,Disability Support,26000,2024-03,Paid
WP01326,CZ01501,Cash Transfer,21000,2024-01,Paid
WP01056,CZ02526,Disability Support,25500,2024-07,Paid
WP00418,CZ00316,Cash Transfer,21000,2024-04,Paid
WP01251,CZ00461,Elderly Support,30500,2024-06,Paid
WP00657,CZ00757,Cash Transfer,20000,2024-01,Paid
WP01348,CZ00878,Cash Transfer,20000,2024-01,Paid
WP00757,CZ01160,Disability Support,25000,2024-12,Paid
WP00145,CZ02587,Disability Support,25000,2024-12,Paid
WP00022,CZ02168,Food Support,15500,2024-06,Paid
WP00270,CZ02164,Disability Support,25000,2024-03,Paid
WP01356,CZ00276,Elderly Support,30000,2024-11,Paid
WP00472,CZ01753,Disability Support,25000,2024-12,Paid
WP00739,CZ00190,Cash Transfer,20500,2024-11,Paid
WP00753,CZ01160,Disability Support,25000,2024-11,Paid
WP01297,CZ00210,Food Support,15000,2024-01,Paid
WP00168,CZ01729,Elderly Support,30000,2024-06,Paid
WP01097,CZ00162,Cash Transfer,20000,2024-03,Paid
WP01060,CZ01284,Cash Transfer,21000,2024-12,Paid
WP01041,CZ02468,Cash Transfer,20000,2024-01,Paid
WP00515,CZ00655,Food Support,16000,2024-08,Paid
WP00671,CZ01556,Cash Transfer,20000,2024-10,Paid
WP01415,CZ02628,Cash Transfer,20000,2024-08,Paid
WP00197,CZ00392,Disability Support,25000,2024-05,Paid
WP00513,CZ00655,Food Support,16000,2024-04,Paid
WP01104,CZ01850,Disability Support,25000,2024-12,Paid
WP01382,CZ02539,Elderly Support,30000,2024-01,Paid
WP01076,CZ00618,Disability Support,26000,2024-06,Paid
WP00860,CZ01936,Cash Transfer,20000,2024-10,Paid
WP00543,CZ00017,Elderly Support,30000,2024-04,Paid
WP01195,CZ02192,Elderly Support,30000,2024-03,Paid
WP00238,CZ02632,Cash Transfer,20000,2024-11,Paid
WP00862,CZ01936,Cash Transfer,20000,2024-08,Paid
WP00932,CZ01856,Disability Support,25000,2024-11,Paid
WP00790,CZ01890,Elderly Support,30500,2024-08,Paid
WP00296,CZ00698,Disability Support,26000,2024-07,Paid
WP01368,CZ02234,Food Support,15000,2024-01,Paid
WP00759,CZ02143,Elderly Support,30000,2024-04,Paid
WP00377,CZ02291,Elderly Support,30000,2024-05,Paid
WP01266,CZ01561,Food Support,15000,2024-12,Paid
WP00115,CZ01449,Elderly Support,30500,2024-01,Paid
WP00530,CZ02696,Elderly Support,30500,2024-05,Paid
WP00854,CZ01553,Disability Support,25000,2024-12,Paid
WP01230,CZ02783,Elderly Support,30000,2024-06,Paid
WP00875,CZ00961,Elderly Support,30000,2024-03,Paid
WP00719,CZ02339,Elderly Support,30500,2024-06,Paid
WP00431,CZ01197,Food Support,15000,2024-02,Paid
WP00067,CZ01550,Elderly Support,30000,2024-11,Paid
WP00727,CZ00399,Food Support,15500,2024-08,Paid
WP01410,CZ00806,Disability Support,26000,2024-06,Paid
WP01062,CZ01284,Cash Transfer,20000,2024-02,Paid
WP00245,CZ02807,Cash Transfer,20000,2024-12,Paid
WP00171,CZ00865,Cash Transfer,20000,2024-12,Paid
WP00819,CZ02663,Cash Transfer,20000,2024-08,Paid
WP01285,CZ00603,Elderly Support,30000,2024-06,Paid
WP01001,CZ00449,Disability Support,25500,2024-01,Paid
WP00621,CZ00221,Food Support,15000,2024-11,Paid
WP00768,CZ00178,Cash Transfer,20000,2024-07,Paid
WP00953,CZ02335,Cash Transfer,20500,2024-04,Paid
WP01428,CZ01501,Cash Transfer,20500,2024-07,Paid
WP00074,CZ00854,Food Support,15000,2024-06,Paid
WP01242,CZ01787,Elderly Support,31000,2024-08,Paid
WP00731,CZ02556,Cash Transfer,20000,2024-07,Paid
WP01094,CZ00642,Food Support,15000,2024-02,Paid
WP00936,CZ00175,Food Support,15000,2024-04,Paid
WP00149,CZ02778,Food Support,16000,2024-07,Paid
WP00931,CZ01856,Disability Support,26000,2024-12,Paid
WP00449,CZ01189,Cash Transfer,20000,2024-06,Paid
WP01379,CZ02539,Elderly Support,30000,2024-10,Paid
WP00584,CZ02969,Elderly Support,31000,2024-06,Paid
WP00123,CZ00819,Food Support,15000,2024-08,Paid
WP00169,CZ01729,Elderly Support,30500,2024-07,Paid
WP00975,CZ01391,Disability Support,25000,2024-12,Paid
WP00888,CZ02611,Cash Transfer,20000,2024-08,Paid
WP00623,CZ02615,Elderly Support,31000,2024-09,Paid
WP00805,CZ01646,Elderly Support,30000,2024-09,Paid
WP00080,CZ01759,Cash Transfer,20000,2024-11,Paid
WP00131,CZ02646,Cash Transfer,21000,2024-09,Paid
WP01426,CZ02614,Elderly Support,30000,2024-04,Paid
WP00203,CZ01368,Food Support,15000,2024-11,Paid
WP00102,CZ02244,Elderly Support,30000,2024-04,Paid
WP01276,CZ01142,Disability Support,25000,2024-12,Paid
WP00121,CZ00819,Food Support,15000,2024-05,Paid
WP01046,CZ01204,Food Support,15000,2024-11,Paid
WP00460,CZ00014,Elderly Support,30000,2024-06,Paid
WP00673,CZ02237,Food Support,15000,2024-10,Paid
WP00806,CZ01646,Elderly Support,30000,2024-10,Paid
WP00522,CZ02785,Elderly Support,30000,2024-08,Paid
WP00811,CZ02879,Disability Support,25000,2024-10,Paid
WP00041,CZ01773,Food Support,15000,2024-02,Paid
WP00496,CZ02529,Elderly Support,30000,2024-12,Paid
WP01259,CZ02417,Elderly Support,31000,2024-04,Paid
WP00613,CZ01805,Food Support,15500,2024-01,Paid
WP00880,CZ00868,Elderly Support,31000,2024-03,Paid
WP00050,CZ02701,Elderly Support,30500,2024-12,Paid
WP01405,CZ01819,Disability Support,26000,2024-09,Paid
WP01033,CZ00375,Cash Transfer,21000,2024-06,Paid
WP00840,CZ02746,Elderly Support,30500,2024-04,Paid
WP00587,CZ02969,Elderly Support,31000,2024-01,Paid
WP00090,CZ01819,Disability Support,26000,2024-09,Paid
WP00709,CZ00825,Elderly Support,30000,2024-10,Paid
WP01292,CZ00525,Elderly Support,30500,2024-07,Paid
WP00061,CZ01078,Food Support,15000,2024-01,Paid
WP01093,CZ00642,Food Support,15000,2024-08,Paid
WP00001,CZ00078,Cash Transfer,20000,2024-12,Paid
WP00872,CZ02722,Food Support,16000,2024-03,Paid
WP00592,CZ01059,Elderly Support,30000,2024-02,Paid
WP00376,CZ02291,Elderly Support,30500,2024-01,Paid
WP00540,CZ01055,Disability Support,25000,2024-02,Paid
WP01312,CZ02147,Food Support,15000,2024-06,Paid
WP00294,CZ00698,Disability Support,25000,2024-11,Paid
WP00164,CZ02462,Food Support,15000,2024-01,Paid
WP01024,CZ02258,Disability Support,25000,2024-03,Paid
WP00119,CZ01449,Elderly Support,30000,2024-02,Paid
WP00846,CZ02145,Disability Support,25000,2024-05,Paid
WP00660,CZ02723,Elderly Support,30500,2024-02,Paid
WP00045,CZ01773,Food Support,15500,2024-07,Paid
WP00914,CZ02579,Cash Transfer,20000,2024-05,Paid
WP00293,CZ01101,Food Support,15000,2024-10,Paid
WP01083,CZ01533,Disability Support,25500,2024-03,Paid
WP00325,CZ01964,Elderly Support,30000,2024-08,Paid
WP00220,CZ01135,Food Support,15500,2024-02,Paid
WP00691,CZ02542,Cash Transfer,20000,2024-12,Paid
WP00521,CZ02785,Elderly Support,30000,2024-12,Paid
WP01156,CZ01881,Elderly Support,31000,2024-04,Paid
WP00099,CZ02244,Elderly Support,30500,2024-10,Paid
WP00765,CZ00178,Cash Transfer,21000,2024-12,Paid
WP00338,CZ00080,Elderly Support,30500,2024-07,Paid
WP00091,CZ00725,Elderly Support,30500,2024-09,Paid
WP01181,CZ01202,Food Support,16000,2024-01,Paid
WP01351,CZ01232,Disability Support,25000,2024-04,Paid
WP00867,CZ02573,Disability Support,25500,2024-05,Paid
WP00023,CZ02168,Food Support,15000,2024-03,Paid
WP00007,CZ01947,Cash Transfer,20000,2024-06,Paid
WP01384,CZ00866,Disability Support,25000,2024-08,Paid
WP00122,CZ00819,Food Support,15000,2024-09,Paid
WP00788,CZ01890,Elderly Support,31000,2024-04,Paid
WP00869,CZ02573,Disability Support,25000,2024-06,Paid
WP00670,CZ01556,Cash Transfer,20000,2024-06,Paid
WP00885,CZ02470,Cash Transfer,20500,2024-05,Paid
WP00255,CZ00910,Cash Transfer,20000,2024-12,Paid
WP01131,CZ02973,Cash Transfer,20000,2024-09,Paid
WP00055,CZ01723,Food Support,15000,2024-06,Paid
WP00331,CZ01224,Disability Support,25000,2024-07,Paid
WP00174,CZ00628,Disability Support,25500,2024-02,Paid
WP01139,CZ00560,Cash Transfer,21000,2024-09,Paid
WP00005,CZ01947,Cash Transfer,20000,2024-04,Paid
WP01387,CZ01446,Cash Transfer,20000,2024-09,Paid
WP00505,CZ01388,Disability Support,25000,2024-09,Paid
WP01340,CZ01676,Disability Support,25000,2024-09,Paid
WP00248,CZ02807,Cash Transfer,21000,2024-08,Paid
WP00269,CZ00971,Cash Transfer,20000,2024-07,Paid
WP00935,CZ00175,Food Support,15000,2024-10,Paid
WP00402,CZ02481,Cash Transfer,20000,2024-01,Paid
WP00607,CZ02187,Cash Transfer,20000,2024-10,Paid
WP00832,CZ02180,Elderly Support,30000,2024-07,Paid
WP00978,CZ01167,Elderly Support,31000,2024-08,Paid
WP00319,CZ02837,Cash Transfer,20000,2024-07,Paid
WP00183,CZ01908,Food Support,15000,2024-01,Paid
WP01115,CZ01919,Food Support,15000,2024-09,Paid
WP00289,CZ01101,Food Support,15000,2024-09,Paid
WP01047,CZ02280,Cash Transfer,20000,2024-02,Paid
WP00439,CZ02196,Disability Support,25500,2024-07,Paid
WP00011,CZ01230,Elderly Support,30000,2024-05,Paid
WP00798,CZ00153,Elderly Support,31000,2024-02,Paid
WP01172,CZ00776,Disability Support,25000,2024-10,Paid
WP01261,CZ02417,Elderly Support,30500,2024-08,Paid
WP01358,CZ02994,Cash Transfer,20000,2024-01,Paid
WP01370,CZ01811,Food Support,15000,2024-05,Paid
WP01418,CZ01553,Disability Support,25000,2024-09,Paid
WP01385,CZ01446,Cash Transfer,20000,2024-11,Paid
WP00173,CZ00865,Cash Transfer,20500,2024-06,Paid
WP00977,CZ01391,Disability Support,25000,2024-07,Paid
WP00661,CZ01240,Disability Support,26000,2024-11,Paid
WP00763,CZ02143,Elderly Support,30000,2024-11,Paid
WP00438,CZ00937,Cash Transfer,21000,2024-07,Paid
WP01421,CZ01869,Cash Transfer,21000,2024-09,Paid
WP00781,CZ02506,Elderly Support,30500,2024-03,Paid
WP00485,CZ02913,Elderly Support,30000,2024-09,Paid
WP00218,CZ02194,Cash Transfer,20500,2024-11,Paid
WP00349,CZ01465,Elderly Support,31000,2024-11,Paid
WP00200,CZ01368,Food Support,15500,2024-04,Paid
WP00992,CZ02777,Food Support,15500,2024-01,Paid
WP00365,CZ01889,Elderly Support,30000,2024-01,Paid
WP00049,CZ02701,Elderly Support,30500,2024-11,Paid
WP00730,CZ02556,Cash Transfer,20000,2024-12,Paid
WP00211,CZ00307,Food Support,15500,2024-06,Paid
WP00622,CZ00221,Food Support,15000,2024-10,Paid
WP00744,CZ00190,Cash Transfer,21000,2024-03,Paid
WP00951,CZ02335,Cash Transfer,20000,2024-08,Paid
WP01095,CZ01315,Food Support,16000,2024-08,Paid
WP00994,CZ02777,Food Support,15000,2024-03,Paid
WP00158,CZ00351,Cash Transfer,20000,2024-11,Paid
WP00486,CZ02913,Elderly Support,31000,2024-04,Paid
WP01043,CZ00853,Disability Support,26000,2024-09,Paid
WP01245,CZ00727,Disability Support,25000,2024-09,Paid
WP00619,CZ00221,Food Support,16000,2024-03,Paid
WP00617,CZ00007,Cash Transfer,20000,2024-03,Paid
WP00228,CZ01790,Disability Support,25500,2024-11,Paid
WP00298,CZ00698,Disability Support,26000,2024-12,Paid
WP00586,CZ02969,Elderly Support,31000,2024-10,Paid
WP00574,CZ02726,Disability Support,26000,2024-03,Paid
WP01275,CZ01142,Disability Support,25000,2024-06,Paid
WP01219,CZ00817,Disability Support,25000,2024-07,Paid
WP00249,CZ02807,Cash Transfer,20000,2024-06,Paid
WP00316,CZ00184,Elderly Support,31000,2024-01,Paid
WP00127,CZ02646,Cash Transfer,20500,2024-04,Paid
WP01380,CZ02539,Elderly Support,30000,2024-05,Paid
WP00720,CZ02339,Elderly Support,31000,2024-02,Paid
WP00487,CZ02913,Elderly Support,30500,2024-11,Paid
WP00701,CZ02211,Disability Support,25000,2024-02,Paid
WP00808,CZ02879,Disability Support,25000,2024-01,Paid
WP00261,CZ01763,Food Support,15000,2024-11,Paid
WP01393,CZ02303,Cash Transfer,20000,2024-04,Paid
WP00887,CZ02611,Cash Transfer,20000,2024-10,Paid
WP00511,CZ00667,Food Support,15000,2024-08,Paid
WP00113,CZ01449,Elderly Support,30500,2024-03,Paid
